habilidade_id,no_id,tipo,conta_pontuacao,texto,imagem_url,enunciado,explicacao
EF.09.MAT.2.92,e1,escolha,FALSE,"Quando você vê uma expressão como \( (a + b)^2 \), qual dessas frases mais combina com o que acontece na sua cabeça?",,,
EF.09.MAT.2.92,e2_nao_sabe,escolha,TRUE,Produtos notáveis são multiplicações que aparecem tanto no dia a dia da álgebra que ganham um nome especial. Mas na origem são apenas multiplicações entre expressões. Vamos começar com uma pergunta bem simples:,,,
EF.09.MAT.2.92,e3_nao_sabe_q1,escolha,TRUE,Você lembra o que significa o símbolo \( ^2 \) em matemática?,,,
EF.09.MAT.2.92,e3_nao_sabe_corrige,escolha,TRUE,"Quando você vê \( x^2 \), isso significa \( x \cdot x \). Não é \( x \cdot 2 \). É multiplicar o número por ele mesmo. Da mesma forma, \( (a + b)^2 \) significa \( (a + b)(a + b) \).",,,
EF.09.MAT.2.92,e3_nao_sabe_q2,escolha,TRUE,"Então a primeira tradução importante é: \( (a + b)^2 = (a + b)(a + b) \). A partir daqui, nossa tarefa é multiplicar essa soma por ela mesma. Vamos agora alinhar isso com quem teve outras respostas.",,,
EF.09.MAT.2.92,e2_erro_inicial,escolha,TRUE,"Se você pensa em 'elevar cada termo' e escrever \( a^2 + b^2 \), vale uma pergunta: onde ficam os produtos entre termos diferentes? Em uma multiplicação de somas, cada termo da primeira soma deve encontrar cada termo da segunda. Vamos explicitar essa estrutura.",,,
EF.09.MAT.2.92,e2_caminho_bom,escolha,TRUE,"Excelente. Pensar em \( (a + b)(a + b) \) é o passo certo. Nosso objetivo agora é fazer essa multiplicação com calma, sem pular etapas, para que a regra do produto notável faça sentido.",,,
EF.09.MAT.2.92,e2_avancado,escolha,TRUE,"Ótimo que você já conhece a regra. Mas vamos fazer um exercício de 'engenheiro da matemática': em vez de só usar a fórmula, vamos reconstruí-la. Assim, se um dia você esquecer a forma exata, consegue recriar a regra com tranquilidade.",,,
EF.09.MAT.2.92,e3_distributiva_intro,escolha,TRUE,"Vamos escrever a multiplicação devagar: \( (a + b)(a + b) \).<br><br>Primeiro, pense no termo \( a \) da primeira expressão. Ele precisa multiplicar os dois termos da segunda: \( a \cdot a \) e \( a \cdot b \).<br><br>Depois, pense no termo \( b \) da primeira expressão. Ele também precisa multiplicar os dois termos da segunda: \( b \cdot a \) e \( b \cdot b \).<br><br>Agora vamos listar o resultado dessa multiplicação completa.",,,
EF.09.MAT.2.92,e3_distributiva,escolha,TRUE,Qual lista representa corretamente todos os produtos obtidos de \( (a + b)(a + b) \)?,,,
EF.09.MAT.2.92,e4_recuperacao_parcial,escolha,TRUE,"Em \( (a + b)(a + b) \), temos dois termos em cada soma. Cada um precisa multiplicar os dois da outra expressão. Isso gera 4 produtos: \( a \cdot a \), \( a \cdot b \), \( b \cdot a \) e \( b \cdot b \). Vamos reescrever esses produtos usando notação de potência.",,,
EF.09.MAT.2.92,e4_agrupamento,escolha,TRUE,"Reescrevendo os quatro produtos com notação mais comum, ficamos com:",,,
EF.09.MAT.2.92,e5_agrupa_ab_recupera,escolha,TRUE,"Os quatro produtos podem ser escritos como \( a^2 \), \( ab \), \( ba \), \( b^2 \). Os termos \( ab \) e \( ba \) são iguais em valor: multiplicar \( a \) por \( b \) ou \( b \) por \( a \) resulta o mesmo número. A diferença está apenas na ordem escrita.",,,
EF.09.MAT.2.92,e5_agrupa_ab,escolha,TRUE,"Sabendo que \( ab \) e \( ba \) têm o mesmo valor, o que acontece quando agrupamos os termos \( ab \) e \( ba \)?",,,
EF.09.MAT.2.92,e5_agrupa_ab_corrige,escolha,TRUE,"Como \( ab \) e \( ba \) são ambos positivos em \( (a + b)(a + b) \), eles se somam: \( ab + ba = 2ab \). Não há cancelamento, e sim soma.",,,
EF.09.MAT.2.92,e6_forma_padrao,escolha,TRUE,"Agora podemos escrever o resultado completo da multiplicação:<br><br>\[ (a + b)(a + b) = <br><br> a^2 + ab + ba + b^2 \]<br><br>Agrupando \( ab \) e \( ba \), obtemos \( a^2 + 2ab + b^2 \).<br><br>Essa é a forma padronizada do produto notável \( (a + b)^2 \).",,,
EF.09.MAT.2.92,e7_geometria,mensagem,FALSE,"Vamos agora ver a mesma ideia por outro ângulo, usando geometria, para reforçar o sentido.<br><br>Imagine um quadrado de lado \( (a + b) \). Divida esse lado em duas partes: um segmento de comprimento \( a \) e outro de comprimento \( b \).<br><br>Ao traçar linhas internas, o quadrado se divide em:<br><br>- Um quadrado de lado \( a \) (área \( a^2 \));<br><br>- Um quadrado de lado \( b \) (área \( b^2 \));<br><br>- Dois retângulos de lados \( a \) e \( b \) (área \( ab \) cada).<br><br>Observe a imagem e vamos traduzir isso em linguagem algébrica.",https://pplx-res.cloudinary.com/image/upload/pplx_search_images/6e614336d63de13b4e54265a250f394d14630078.jpg,,
EF.09.MAT.2.92,e8_geometria_q1,escolha,TRUE,"Somando as áreas dessas quatro regiões, qual expressão você obtém para a área total do quadrado de lado \( (a + b) \)?",,,
EF.09.MAT.2.92,e8_geometria_corrige,escolha,TRUE,"O quadrado é formado por quatro regiões: dois quadrados pequenos (\( a^2 \) e \( b^2 \)) e dois retângulos \( ab \). Portanto, a área total é \( a^2 + ab + ab + b^2 \).",,,
EF.09.MAT.2.92,e8_geometria_q2,escolha,TRUE,"Agrupando os termos \( ab \) e \( ab \) outra vez, qual forma final você obtém para a área desse quadrado?",,,
EF.09.MAT.2.92,e8_geometria_corrige2,escolha,TRUE,"A presença dos dois retângulos \( ab \) é essencial para representar a área total. Sem eles, você não está contando todo o quadrado.",,,
EF.09.MAT.2.92,e9_conexao_regras,escolha,TRUE,Você viu o mesmo resultado por dois caminhos: pela distributiva e pela decomposição geométrica.<br><br>Isso mostra que a 'regra' \( (a + b)^2 = a^2 + 2ab + b^2 \) não é um truque sem sentido; ela é a síntese de uma estrutura bem definida.,,,
EF.09.MAT.2.92,e10_comparar_outros,escolha,TRUE,Agora vamos comparar com outros produtos notáveis. Qual expressão você acha que gera a forma \( a^2 - b^2 \)?,,,
EF.09.MAT.2.92,e10_corrige_outros,escolha,TRUE,Vale lembrar:<br><br>- \( (a + b)^2 = a^2 + 2ab + b^2 \)<br><br>- \( (a - b)^2 = a^2 - 2ab + b^2 \)<br><br>- \( (a + b)(a - b) = a^2 - b^2 \),,,
EF.09.MAT.2.92,e11_diferenca_quadrados,mensagem,FALSE,"Em \( (a + b)(a - b) \), os termos do meio se anulam: \( a^2 - ab + ba - b^2 \). Como \( -ab \) e \( +ba \) têm sinais opostos e mesmo valor absoluto, eles somam zero. Isso mostra por que o resultado é \( a^2 - b^2 \).<br><br>Observe a imagem para ver como essa diferença de quadrados funciona na prática geométrica. Perceba que o sinal muda todo o comportamento dos termos do meio!",https://pplx-res.cloudinary.com/image/upload/pplx_search_images/e0dfd2fbb473d4d2a8d5d6c1116f7147ce7d65c4.jpg,,
EF.09.MAT.2.92,e12_erro_x_5,escolha,TRUE,Um colega seu escreveu: \( (x + 5)^2 = x^2 + 25 \). Qual pergunta você faria para ajudá-lo a perceber o que está faltando?,,,
EF.09.MAT.2.92,e12_corrige_pergunta,escolha,TRUE,"No método socrático, preferimos perguntas que levem o colega a olhar de novo para a estrutura do cálculo, em vez de simplesmente dizer 'está errado'.",,,
EF.09.MAT.2.92,e13_pesquisa,escolha,TRUE,"Se você sente que ainda está inseguro, pare um pouco e faça esta mini-pesquisa: <br><br> 1. Escreva num caderno as multiplicações \( (x + 2)(x + 2) \), \( (x + 3)(x + 3) \), \( (x + 5)(x + 5) \). <br><br> 2. Expanda cada uma usando o 'chuveirinho'.<br><br>3. Observe os padrões que aparecem nos termos.<br><br>Quando terminar, volte aqui e veja se consegue reconhecer o padrão \( (a + b)^2 = a^2 + 2ab + b^2 \) sem olhar nenhuma fórmula pronta.",,,
EF.09.MAT.2.92,e14_aplicar,escolha,TRUE,Agora vamos aplicar a regra explicitamente. Qual é a expansão correta de \( (x + 3)^2 \)?,,,
EF.09.MAT.2.92,e14_feedback_errado1,escolha,TRUE,"Você acertou os quadrados \( x^2 \) e \( 9 \), mas esqueceu os produtos cruzados \( x \cdot 3 \) e \( 3 \cdot x \). Eles aparecem duas vezes e somam \( 6x \). Refazer a multiplicação \( (x + 3)(x + 3) \) passo a passo pode te ajudar.",,,
EF.09.MAT.2.92,e14_feedback_errado2,escolha,TRUE,"Na multiplicação \( (x + 3)(x + 3) \), os produtos cruzados são \( x \cdot 3 \) e \( 3 \cdot x \). Cada um vale \( 3x \). Somando, temos \( 6x \). Por isso o termo do meio é \( 6x \).",,,
EF.09.MAT.2.92,e14_feedback_errado3,escolha,TRUE,"O sinal negativo no termo do meio aparece em \( (x - 3)^2 \), porque aí os produtos cruzados são \( x \cdot (-3) \) e \( (-3) \cdot x \), ambos negativos. Em \( (x + 3)^2 \), os produtos cruzados são positivos.",,,
EF.09.MAT.2.92,e14_feedback_correto,escolha,TRUE,"Excelente! Mas lembre: dominar produtos notáveis não é só acertar uma conta. É saber reconstruir a regra, reconhecer padrões e evitar erros clássicos.",,,
EF.09.MAT.2.92,e15_desafio_extra,escolha,TRUE,Vamos aumentar um pouco o desafio. Qual é a expansão correta de \( (2x - 5)^2 \)?,,,
EF.09.MAT.2.92,e15_feedback_errado_a,escolha,TRUE,"Em \( (2x - 5)^2 \), temos \( a = 2x \) e \( b = 5 \). O padrão \( (a - b)^2 = a^2 - 2ab + b^2 \) nos dá: \( a^2 = 4x^2 \), \( 2ab = 2 \cdot 2x \cdot 5 = 20x \). Então o termo do meio é \( -20x \), não \( -10x \).",,,
EF.09.MAT.2.92,e15_feedback_errado_b,escolha,TRUE,"Para \( (2x - 5)^2 \), o termo do meio é negativo porque a expressão é uma diferença. \( a = 2x \), \( b = 5 \), então \( 2ab = 20x \). O termo do meio é \( -20x \).",,,
EF.09.MAT.2.92,e15_feedback_correto_a,escolha,TRUE,Excelente! Você aplicou a ideia geral a um exemplo mais complexo: \( (2x - 5)^2 = 4x^2 - 20x + 25 \).,,,
EF.09.MAT.2.92,e16_reflexao_final,escolha,TRUE,"Para fechar esta habilidade, qual frase melhor representa o que você aprendeu sobre produtos notáveis?",,,
EF.09.MAT.2.92,e_final,avaliacao,TRUE,Agora vamos registrar um resultado objetivo desta sessão.,,Analise as afirmativas e marque a alternativa correta:,"Cada uma das três expressões representa um produto notável: quadrado da soma, quadrado da diferença e diferença de quadrados. Todas são corretas."
EF.09.MAT.2.93,e1,escolha,FALSE,"Quando você vê uma expressão como \( x^2 + 6x + 9 \), qual dessas frases mais combina com o que acontece na sua cabeça?",,,
EF.09.MAT.2.93,e2_nao_sabe,mensagem,FALSE,"Antes de qualquer conta, vamos dar um passo atrás e olhar a expressão.<br><br>\( x^2 + 6x + 9 \) é composta de três termos diferentes. Em vez de tentar 'somar tudo', vamos entender que tipo de termos são e como eles se organizam.",,,
EF.09.MAT.2.93,e2_produto_notavel,mensagem,FALSE,"Boa percepção: muitos polinômios de 2º grau são, na verdade, resultados de produtos notáveis que você já estudou.<br><br>Vamos verificar se isso acontece com \( x^2 + 6x + 9 \), sem pular etapas.",,,
EF.09.MAT.2.93,e2_polinomio,mensagem,FALSE,"Reconhecer que \( x^2 + 6x + 9 \) é um polinômio de 2º grau é um excelente começo.<br><br>Nosso objetivo agora é perguntar: existe uma maneira de escrever essa expressão na forma de produto, talvez usando produtos notáveis?",,,
EF.09.MAT.2.93,e2_bhaskara,mensagem,FALSE,"A fórmula de <strong>Bhaskara</strong> é uma ferramenta poderosa, mas aqui queremos desenvolver uma visão mais algébrica: enxergar padrões que permitem fatorar sem depender sempre de fórmulas.<br><br>Isso ajuda você a entender melhor de onde vêm as raízes.",,,
EF.09.MAT.2.93,e3_tipo_termos,escolha,TRUE,Vamos analisar os três termos de \( x^2 + 6x + 9 \). Como você descreveria cada um deles?,,,
EF.09.MAT.2.93,e3_corrige_tipos,mensagem,FALSE,"Num polinômio como \( x^2 + 6x + 9 \), temos:<ul><li><strong>\( x^2 \)</strong>: termo quadrático (variável ao quadrado);</li><li><strong>\( 6x \)</strong>: termo linear (variável na primeira potência);</li><li><strong>\( 9 \)</strong>: termo constante (não tem variável).</li></ul>Identificar isso é importante antes de tentar fatorar.",,,
EF.09.MAT.2.93,e4_quadrado_perfeito,escolha,TRUE,Agora lembre-se do produto notável <strong>\( (a + b)^2 = a^2 + 2ab + b^2 \)</strong>. Você acha que \( x^2 + 6x + 9 \) pode se encaixar nesse padrão?,,,
EF.09.MAT.2.93,e4_recupera_padroes,mensagem,FALSE,"No padrão \( a^2 + 2ab + b^2 \), o primeiro termo é um quadrado perfeito, o último também, e o termo do meio costuma ser o dobro do produto desses dois 'raios'.<br><br>Vamos testar isso em \( x^2 + 6x + 9 \).",,,
EF.09.MAT.2.93,e5_identifica_a_b,mensagem,FALSE,"Imagine um quadrado de lado \( (a + b) \). A área total é \( (a + b)^2 \). Se você divide o lado em duas partes, \( a \) e \( b \), esse quadrado se decompõe em:<ul><li>Um quadrado de área <strong>\( a^2 \)</strong>;</li><li>Um quadrado de área <strong>\( b^2 \)</strong>;</li><li>Dois retângulos de área <strong>\( ab \)</strong>.</li></ul>Observe a figura abaixo e pense em como isso se relaciona com \( x^2 + 6x + 9 \).",https://pplx-res.cloudinary.com/image/upload/pplx_search_images/6e614336d63de13b4e54265a250f394d14630078.jpg,,
EF.09.MAT.2.93,e5_identifica_a_b_q,escolha,TRUE,"Se \( x^2 \) corresponde a \( a^2 \) e \( 9 \) corresponde a \( b^2 \), quais valores de \( a \) e \( b \) fazem sentido?",,,
EF.09.MAT.2.93,e5_corrige_ab,mensagem,FALSE,"Se \( a^2 = x^2 \), então <strong>\( a = x \)</strong>. Se \( b^2 = 9 \), então <strong>\( b = 3 \)</strong>.<br><br>Por isso faz mais sentido usar \( a = x \) e \( b = 3 \).",,,
EF.09.MAT.2.93,e6_confere_meio,escolha,TRUE,"Com \( a = x \) e \( b = 3 \), qual é o valor de \( 2ab \)?",,,
EF.09.MAT.2.93,e6_corrige_meio,mensagem,FALSE,"No termo \( 2ab \), trabalhamos com multiplicação: <strong>\( 2 \cdot x \cdot 3 = 6x \)</strong>.<br><br>Esse resultado precisa coincidir com o termo do meio do polinômio para que ele seja um quadrado perfeito.",,,
EF.09.MAT.2.93,e7_conclui_quadrado_perfeito,mensagem,FALSE,"Agora podemos juntar tudo:<ul><li>\( x^2 \) é \( a^2 \) para \( a = x \);</li><li>\( 9 \) é \( b^2 \) para \( b = 3 \);</li><li>\( 6x \) é \( 2ab \) para \( a = x \) e \( b = 3 \).</li></ul>Isso mostra que \( x^2 + 6x + 9 \) se encaixa exatamente no padrão \( a^2 + 2ab + b^2 \) e, portanto:<br><br>\[ x^2 + 6x + 9 = (x + 3)^2 \]",,,
EF.09.MAT.2.93,e8_significado_fatorar,escolha,TRUE,"Quando escrevemos \( x^2 + 6x + 9 = (x + 3)^2 \), o que significa 'fatorar' essa expressão?",,,
EF.09.MAT.2.93,e8_corrige_significado,mensagem,FALSE,"<strong>Fatorar</strong> é reescrever uma expressão de forma equivalente, mas em forma de produto de fatores.<br><br>Essa forma é especialmente útil para entender raízes e propriedades do polinômio.",,,
EF.09.MAT.2.93,e9_reverso,mensagem,FALSE,"Você já viu o caminho da expressão expandida para a fatorada. Vamos agora confirmar o caminho inverso:<br><br>Partindo de \( (x + 3)^2 \) e voltando para \( x^2 + 6x + 9 \), para ter certeza de que a equivalência faz sentido.",,,
EF.09.MAT.2.93,e10_reexpansao,escolha,TRUE,"Se você expandir \( (x + 3)^2 \), qual expressão obtém?",,,
EF.09.MAT.2.93,e10_corrige_reexpansao,mensagem,FALSE,Expanda mentalmente \( (x + 3)(x + 3) \):<br><br>\[ x \cdot x + x \cdot 3 + 3 \cdot x + 3 \cdot 3 \]<br><br>\[ x^2 + 3x + 3x + 9 = x^2 + 6x + 9 \]<br><br>É esse vai-e-volta que garante confiança na fatoração.,,,
EF.09.MAT.2.93,e10_confirma_equiv,mensagem,FALSE,"Quando você domina tanto a expansão quanto a fatoração, passa a enxergar \( x^2 + 6x + 9 \) e \( (x + 3)^2 \) como duas maneiras equivalentes de representar a mesma ideia algébrica.",,,
EF.09.MAT.2.93,e11_equacao_2grau,escolha,TRUE,"Considere a equação \( x^2 + 6x + 9 = 0 \). Se já sabemos que \( x^2 + 6x + 9 = (x + 3)^2 \), qual é o caminho mais natural para resolver essa equação?",,,
EF.09.MAT.2.93,e11_corrige_equacao,mensagem,FALSE,"Fatorar antes de aplicar fórmulas pode simplificar muito o processo.<br><br>Aqui, a forma \( (x + 3)^2 = 0 \) nos dá uma pista direta sobre a solução.",,,
EF.09.MAT.2.93,e12_produto_nulo,escolha,TRUE,"Se \( (x + 3)^2 = 0 \), o que isso nos diz sobre \( x + 3 \)?",,,
EF.09.MAT.2.93,e12_corrige_produto_nulo,mensagem,FALSE,"Se \( A^2 = 0 \), então \( A = 0 \). Esse raciocínio vale para qualquer número real.<br><br>Por isso, de \( (x + 3)^2 = 0 \) concluímos que <strong>\( x + 3 = 0 \)</strong>.",,,
EF.09.MAT.2.93,e13_encontra_raiz,escolha,TRUE,"Resolvendo \( x + 3 = 0 \), qual é o valor de \( x \)?",,,
EF.09.MAT.2.93,e13_corrige_raiz,mensagem,FALSE,"Para que \( x + 3 \) seja zero, precisamos somar um número que 'anule' o 3. Esse número é <strong>\( -3 \)</strong>.",,,
EF.09.MAT.2.93,e14_interpreta_raiz,mensagem,FALSE,"Assim, a equação \( x^2 + 6x + 9 = 0 \) tem uma única raiz real: <strong>\( x = -3 \)</strong>.<br><br>Dizemos que é uma raiz dupla, pois ela aparece duas vezes na forma \( (x + 3)(x + 3) = 0 \).",,,
EF.09.MAT.2.93,e15_outros_exemplos,escolha,TRUE,Agora vamos ver se você consegue aplicar o mesmo raciocínio em outro exemplo.<br><br>O polinômio \( x^2 - 10x + 25 \) pode ser escrito como:,,,
EF.09.MAT.2.93,e15_feedback_errado1,mensagem,FALSE,"Em \( x^2 - 10x + 25 \), temos \( a^2 = x^2 \) e \( b^2 = 25 \), logo \( a = x \) e \( b = 5 \).<br><br>O termo do meio precisa coincidir com \( -2ab = -2 \cdot x \cdot 5 = -10x \). Por isso a forma fatorada é <strong>\( (x - 5)^2 \)</strong>.",,,
EF.09.MAT.2.93,e15_feedback_correto1,mensagem,FALSE,"Como \( x^2 - 10x + 25 = (x - 5)^2 \), a equação \( x^2 - 10x + 25 = 0 \) tem raiz dupla <strong>\( x = 5 \)</strong>.<br><br>Mais uma vez, a fatoração torna a solução muito clara.",,,
EF.09.MAT.2.93,e16_diferenca_quadrados,mensagem,FALSE,Nem todo polinômio fatorável é quadrado perfeito. Um padrão muito importante é a <strong>diferença de quadrados</strong>: \( a^2 - b^2 = (a + b)(a - b) \).<br><br>Observe a figura abaixo e pense em como ela ajuda a visualizar \( a^2 - b^2 \).,https://pplx-res.cloudinary.com/image/upload/pplx_search_images/e0dfd2fbb473d4d2a8d5d6c1116f7147ce7d65c4.jpg,,
EF.09.MAT.2.93,e17_diferenca_quadrados_q,escolha,TRUE,Qual das afirmativas abaixo descreve melhor a relação \( a^2 - b^2 = (a + b)(a - b) \)?,,,
EF.09.MAT.2.93,e17_corrige_dif,mensagem,FALSE,"A identidade \( a^2 - b^2 = (a + b)(a - b) \) é muito mais que um truque: ela conecta áreas, fatores e simplificações algébricas em diversos contextos.",,,
EF.09.MAT.2.93,e18_reflexao_final,escolha,TRUE,"Depois de tudo isso, qual frase melhor representa o papel da fatoração em equações de 2º grau?",,,
EF.09.MAT.2.93,e_final,avaliacao,TRUE,Agora vamos registrar um resultado objetivo desta sessão.,https://pplx-res.cloudinary.com/image/upload/pplx_search_images/6e614336d63de13b4e54265a250f394d14630078.jpg,Analise as afirmações abaixo e marque a alternativa correta:,"Esses exemplos mostram a ligação direta entre produtos notáveis, fatoração e resolução de equações do 2º grau."
EF.09.MAT.2.94,e1,escolha,FALSE,"Quando você vê uma expressão como \( 3x^2 + 6x \), \( 2x^2 + 8x + 8 \) ou \( \frac{3x^2}{6x} \), qual dessas atitudes mais parece com você?",,,
EF.09.MAT.2.94,e2_nao_sabe,mensagem,FALSE,"Simplificar uma expressão algélica não é 'fazer qualquer conta' nem 'somar tudo'. É reescrever a mesma expressão de modo mais organizado, revelando fatores comuns, produtos notáveis ou frações reduzidas.",,,
EF.09.MAT.2.94,e2_somar,mensagem,FALSE,"Somar todos os termos funciona quando eles são semelhantes, como \( 3x + 2x = 5x \). Mas em \( 3x^2 + 6x \), os termos têm graus diferentes e não podem ser simplesmente somados. Vamos aprender a olhar para a estrutura antes de somar.",,,
EF.09.MAT.2.94,e2_avancado,mensagem,FALSE,"Ótimo que você já busca fatores comuns e produtos notáveis. Nesta habilidade, vamos consolidar esses atalhos, cuidar da simplificação de frações e do cálculo de valor numérico com prioridade de operações.",,,
EF.09.MAT.2.94,e2_valor_numerico,mensagem,FALSE,"Calcular valor numérico é importante, mas fazer isso sobre uma expressão simplificada costuma ser mais fácil e menos sujeito a erros de sinais ou ordens de operações. Vamos treinar simplificação antes da substituição.",,,
EF.09.MAT.2.94,e3_expressao_visao,mensagem,FALSE,"Vamos começar com uma expressão simples: \( 3x^2 + 6x \). Em vez de somar, faremos três perguntas:<br><br> -> que tipos de termos são esses? <br><br> -> existe algo repetido em todos eles? <br><br> -> posso escrever essa expressão como produto de fatores?",,,
EF.09.MAT.2.94,e3_tipo_termos,escolha,TRUE,"Em \( 3x^2 + 6x \), como você classificaria cada termo?",,,
EF.09.MAT.2.94,e3_corrige_tipo,mensagem,FALSE,Em \( 3x^2 + 6x \): <br><br> -> \( 3x^2 \) é termo quadrático (variável ao quadrado); <br><br> -> \( 6x \) é termo linear (variável na primeira potência). Reconhecer isso ajuda a escolher estratégias de simplificação.,,,
EF.09.MAT.2.94,e4_fator_comum_simples,mensagem,FALSE,"Agora vamos procurar fatores comuns. Em \( 3x^2 + 6x \), pergunte:<br><br> -> que número aparece em todos os coeficientes? <br><br> -> que letra aparece em todos os termos?",,,
EF.09.MAT.2.94,e4_escolha_fator,escolha,TRUE,Qual dos candidatos abaixo pode ser fator comum em \( 3x^2 + 6x \)?,,,
EF.09.MAT.2.94,e4_corrige_fator,mensagem,FALSE,"Fator comum é tudo aquilo que aparece em todos os termos ao mesmo tempo. Em \( 3x^2 + 6x \), tanto o número 3 quanto a letra x aparecem em todos os termos, então \( 3x \) é um bom candidato.",,,
EF.09.MAT.2.94,e5_fator_em_evidencia,escolha,TRUE,"Colocando \( 3x \) em evidência em \( 3x^2 + 6x \), qual forma você obtém?",,,
EF.09.MAT.2.94,e5_corrige_evidencia,mensagem,FALSE,"Para colocar \( 3x \) em evidência, dividimos cada termo por \( 3x \): \( 3x^2 ÷  3x = x \) e \( 6x ÷  3x = 2 \). Assim, \( 3x^2 + 6x = 3x(x + 2) \).",,,
EF.09.MAT.2.94,e6_interpreta_fatoracao,mensagem,FALSE,"Escrever \( 3x^2 + 6x = 3x(x + 2) \) é uma simplificação: a expressão fica em forma de produto, o que ajuda tanto na leitura da estrutura quanto em cálculos de valor numérico e resolução de equações.",,,
EF.09.MAT.2.94,e7_valor_numerico_simples,escolha,TRUE,"Se \( x = 2 \), qual é o valor numérico de \( 3x^2 + 6x \)?",,,
EF.09.MAT.2.94,e7_corrige_valor,mensagem,FALSE,Substituindo \( x = 2 \) em \( 3x^2 + 6x \): <br><br> \( 3 \cdot 2^2 + 6 \cdot 2 = <br><br> 3 \cdot 4 + 12 = 12 + 12 = 24 \).,,,
EF.09.MAT.2.94,e7_feedback_valor_correto,mensagem,FALSE,Agora use a forma fatorada \( 3x(x + 2) \) com \( x = 2 \): \( 3 \cdot 2 \cdot (2 + 2) = <br><br> 3 \cdot 2 \cdot 4 = <br><br> 6 \cdot 4 = 24 \). A igualdade entre os valores mostra que as duas formas são equivalentes.,,,
EF.09.MAT.2.94,e8_pesquisa_rapida,mensagem,FALSE,"Se você sente insegurança com fator comum, faça uma mini-lista em um caderno: <br><br> -> escreva três expressões, por exemplo \( 4x^2 + 8x \), \( 5x^2 + 15x \) e \( 6x^2 + 9x \); <br><br> -> tente identificar o maior fator comum em cada uma; <br><br> -> reescreva todas em forma de produto. Depois volte aqui e compare suas respostas com a forma do tutor.",,,
EF.09.MAT.2.94,e9_expressao_mais_complexa,mensagem,FALSE,"Vamos analisar agora \( 2x^2 + 8x + 8 \). Em vez de somar tudo, vamos seguir uma sequência: <br><br> -> procurar fator comum; <br><br> -> olhar para o polinômio dentro do parêntese; <br><br> -> verificar se há produto notável.",,,
EF.09.MAT.2.94,e9_escolha_caminho,escolha,TRUE,Qual estratégia você usaria primeiro para simplificar \( 2x^2 + 8x + 8 \)?,,,
EF.09.MAT.2.94,e10_valor_direto,mensagem,FALSE,Calcular valor numérico é apenas uma parte do trabalho. Simplificar a expressão ajuda a enxergar padrões e reaproveitar raciocínios em diferentes problemas.,,,
EF.09.MAT.2.94,e10_quadrado_direto,mensagem,FALSE,"Antes de tentar encaixar \( 2x^2 + 8x + 8 \) em \( (x + a)^2 \), vale verificar se há algum fator comum que possa ser colocado em evidência.",,,
EF.09.MAT.2.94,e10_fator_comum2,escolha,TRUE,Qual é o maior fator comum que aparece em todos os termos de \( 2x^2 + 8x + 8 \)?,,,
EF.09.MAT.2.94,e10_corrige_comum2,mensagem,FALSE,"Em \( 2x^2 + 8x + 8 \), os coeficientes 2, 8 e 8 são todos múltiplos de 2, mas nem todos têm x. Por isso o maior fator comum é \( 2 \), não \( 2x \).",,,
EF.09.MAT.2.94,e11_evidencia2,escolha,TRUE,"Colocando \( 2 \) em evidência em \( 2x^2 + 8x + 8 \), qual forma correta você obtém?",,,
EF.09.MAT.2.94,e11_corrige_evidencia2,mensagem,FALSE,"Dividindo cada termo de \( 2x^2 + 8x + 8 \) por 2: <br><br> -> \( 2x^2 / 2 = x^2 \); <br><br> -> \( 8x / 2 = 4x \); <br><br> -> \( 8 / 2 = 4 \). Assim, \( 2x^2 + 8x + 8 = 2(x^2 + 4x + 4) \).",,,
EF.09.MAT.2.94,e12_quadrado_perfeito2,mensagem,FALSE,"Agora, dentro do parêntese, temos \( x^2 + 4x + 4 \). Essa expressão lembra o padrão \( a^2 + 2ab + b^2 \). Vamos conferir se ela é um trinômio quadrado perfeito.",,,
EF.09.MAT.2.94,e13_confere_quadrado2,escolha,TRUE,"Se \( x^2 + 4x + 4 \) é do tipo \( a^2 + 2ab + b^2 \), quais valores de \( a \) e \( b \) fazem sentido?",,,
EF.09.MAT.2.94,e13_corrige_quadrado2,mensagem,FALSE,"Em \( x^2 + 4x + 4 \), o primeiro termo é \( x^2 \), então faz sentido pensar \( a = x \). O último termo é 4, então \( b = 2 \). O termo do meio deve ser \( 2ab = 2 \cdot x \cdot 2 = 4x \), que coincide com o termo da expressão.",,,
EF.09.MAT.2.94,e14_forma_final2,mensagem,FALSE,Concluímos que \( x^2 + 4x + 4 = (x + 2)^2 \). Então a expressão original \( 2x^2 + 8x + 8 \) pode ser escrita como:<br><br>\[ 2x^2 + 8x + 8 = <br><br> 2(x^2 + 4x + 4) = <br><br> 2(x + 2)^2. \],,,
EF.09.MAT.2.94,e15_reflexao_produtos,mensagem,FALSE,Perceba que a simplificação passou por duas etapas: <br><br> -> fator comum em evidência; <br><br> -> reconhecimento de trinômio quadrado perfeito. Essa combinação é muito poderosa para dominar descritores de fatoração e simplificação.,,,
EF.09.MAT.2.94,e16_valor_numerico2,escolha,TRUE,"Se \( x = -2 \), qual é o valor numérico de \( 2(x + 2)^2 \)?",,,
EF.09.MAT.2.94,e16_feedback_valor2_errado,mensagem,FALSE,"Com \( x = -2 \), temos \( x + 2 = 0 \). Logo \( (x + 2)^2 = 0^2 = 0 \) e \( 2 \cdot 0 = 0 \).",,,
EF.09.MAT.2.94,e16_feedback_valor2_certo,mensagem,FALSE,"A forma simplificada \( 2(x + 2)^2 \) torna evidente que quando \( x = -2 \), o valor da expressão é 0, pois o fator \( (x + 2)^2 \) zera o produto.",,,
EF.09.MAT.2.94,e17_fracao_simples,mensagem,FALSE,Outro campo importante da simplificação é trabalhar com frações algélicas. Vamos começar com \( \frac{3x^2}{6x} \) e pensar em fator comum na forma de fração.,,,
EF.09.MAT.2.94,e17_escolha_fracao,escolha,TRUE,Como você simplificaria \( \frac{3x^2}{6x} \)?,,,
EF.09.MAT.2.94,e17_corrige_fracao,mensagem,FALSE,"Para simplificar uma fração algélica, não somamos numerador e denominador. Buscamos fatores comuns e usamos a divisão para reduzir a fração.",,,
EF.09.MAT.2.94,e18_fracao_correta,mensagem,FALSE,"Dividindo numerador e denominador por 3x:<br><br>\[ \frac{3x^2}{6x} = \frac{3x^2 \div 3x}{6x \div 3x} = \frac{x}{2}. \]<br><br>Assim, a expressão simplificada é \( \frac{x}{2} \).",,,
EF.09.MAT.2.94,e19_fracao_composta,mensagem,FALSE,Vamos complicar um pouco: <br><br> \( \frac{2x^2 + 8x}{4x} \) <br><br> Podemos aplicar a mesma lógica: fatorar o numerador e depois simplificar a fração.,,,
EF.09.MAT.2.94,e19_escolha_fracao_composta,escolha,TRUE,Qual das estratégias abaixo faz mais sentido para simplificar <br><br> \( \frac{2x^2 + 8x}{4x} \)?,,,
EF.09.MAT.2.94,e19_corrige_composta,mensagem,FALSE,"Somar numerador e denominador muda completamente a expressão, não a simplifica. Nosso objetivo é reduzir a fração, mantendo equivalência.",,,
EF.09.MAT.2.94,e20_fracao_composta_fatora,mensagem,FALSE,"No numerador, \( 2x^2 + 8x \) tem fator comum \( 2x \): <br><br> \( 2x^2 + 8x = 2x(x + 4) \). Então:<br><br>\[ \frac{2x^2 + 8x}{4x} = \frac{2x(x + 4)}{4x}. \]<br><br>Agora, podemos simplificar dividindo numerador e denominador por 2x.",,,
EF.09.MAT.2.94,e20_fracao_composta_direto,mensagem,FALSE,Dividindo termo a termo: \( \frac{2x^2}{4x} = \frac{x}{2} \) e \( \frac{8x}{4x} = 2 \). Juntando:<br><br>\[ \frac{2x^2 + 8x}{4x} = \frac{x}{2} + 2. \]<br><br>Vamos comparar essa forma com a obtida via fatoração.,,,
EF.09.MAT.2.94,e21_fracao_composta_simplifica,mensagem,FALSE,"Voltando à forma fatorada: \( \frac{2x(x + 4)}{4x} \). Dividindo numerador e denominador por 2x, obtemos:<br><br>\[ \frac{2x(x + 4) \div 2x}{4x \div 2x} = \frac{x + 4}{2}. \]<br><br>Verifique que \( \frac{x + 4}{2} \) e \( \frac{x}{2} + 2 \) são equivalentes.",,,
EF.09.MAT.2.94,e22_reflexao_fracoes,mensagem,FALSE,Multiplicando \( \frac{x}{2} + 2 \) por 2 para juntar os termos: <br><br> \( \frac{x}{2} + 2 = \frac{x}{2} + \frac{4}{2} = \frac{x + 4}{2} \). Então as formas \( \frac{x + 4}{2} \) e \( \frac{x}{2} + 2 \) representam a mesma expressão simplificada.,,,
EF.09.MAT.2.94,e23_reflexao_final,escolha,TRUE,"Depois desta sessão, qual frase melhor representa o que significa simplificar uma expressão algélica?",,,
EF.09.MAT.2.94,e_final,avaliacao,TRUE,Agora vamos registrar um resultado objetivo desta sessão.,https://pplx-res.cloudinary.com/image/upload/pplx_search_images/6e614336d63de13b4e54265a250f394d14630078.jpg,Analise as afirmações abaixo e marque a alternativa correta:,"Essas afirmações mostram o uso de fator comum, produtos notáveis e simplificação de frações algélicas para dominar a habilidade de simplificar expressões."
EF.09.MAT.3.100,e1,escolha,FALSE,"Quando você pensa no Teorema de Pitágoras, o que vem primeiro à sua cabeça?",,,
EF.09.MAT.3.100,e2_formula_sem_origem,mensagem,FALSE,"A fórmula \( a^2 + b^2 = c^2 \) não surgiu do nada. Ela descreve uma relação geométrica real entre áreas. Antes de calcular qualquer coisa, vamos ver o que essa equação está dizendo visualmente.",,,
EF.09.MAT.3.100,e2_quadrados,mensagem,FALSE,Você já tem a intuição certa. Os quadrados construídos sobre os lados do triângulo são exatamente a chave para entender por que \( a^2 + b^2 = c^2 \) é verdadeiro. Vamos aprofundar essa visão.,,,
EF.09.MAT.3.100,e2_nunca_viu,mensagem,FALSE,Vamos começar com calma. Um triângulo retângulo é qualquer triângulo que tem um ângulo de exatamente 90°. Esse tipo de triângulo esconde uma relação surpreendente entre os comprimentos dos seus lados.,,,
EF.09.MAT.3.100,e2_calcula_sem_entender,mensagem,FALSE,Saber calcular é o primeiro passo. Mas entender por que a fórmula é verdadeira é o que transforma uma receita em matemática de verdade. Vamos usar geometria para justificar a álgebra.,,,
EF.09.MAT.3.100,e3_triangulo_retangulo,mensagem,FALSE,"O triângulo retângulo tem três lados com nomes específicos:<br><br>-> Hipotenusa: o lado oposto ao ângulo reto. É sempre o maior lado.<br><br>-> Catetos: os dois outros lados, que formam o ângul o reto entre si.Observe o diagrama abaixo e identifique cada parte.",https://upload.wikimedia.org/wikipedia/commons/2/2e/Pythagorean.svg,,
EF.09.MAT.3.100,e3_identificar_lados,escolha,TRUE,"Em um triângulo retângulo, qual dos lados é sempre a hipotenusa?",,,
EF.09.MAT.3.100,e3_corrige_lados,mensagem,FALSE,"A hipotenusa é sempre o lado oposto ao ângulo reto (90°). Independente de como o triângulo está posicionado na página, basta localizar o ângulo reto e o lado oposto a ele será a hipotenusa.",,,
EF.09.MAT.3.100,e4_enunciado_algebrico,mensagem,FALSE,"O Teorema de Pitágoras diz:<br><br>-> Em todo triângulo retângulo, o quadrado da hipotenusa é igual à soma dos quadrados dos catetos.<br><br>Se chamamos a hipotenusa de \( c \) e os catetos de \( a \) e \( b \), a relação algébrica é:<br><br>\( c^2 = a^2 + b^2 \).<br><br><br><br>Até aqui temos apenas a equação. A grande pergunta é: o que \( a^2 \), \( b^2 \) e \( c^2 \) representam geometricamente?",,,
EF.09.MAT.3.100,e5_o_que_significa_quadrado,escolha,TRUE,"Na expressão \( c^2 \), o que significa geometricamente elevar um comprimento ao quadrado?",,,
EF.09.MAT.3.100,e5_corrige_quadrado,mensagem,FALSE,"Quando escrevemos \( c^2 \), estamos calculando a área de um quadrado cujo lado mede \( c \). O mesmo vale para \( a^2 \) e \( b^2 \). Isso transforma a equação algébrica em uma afirmação sobre áreas.",,,
EF.09.MAT.3.100,e6_demonstracao_geometrica,mensagem,FALSE,"Agora a equação \( c^2 = a^2 + b^2 \) pode ser lida como:<br><br>-> A área do quadrado construído sobre a hipotenusa é igual à soma das áreas dos quadrados construídos sobre os dois catetos.<br><br><br><br>Na figura, você vê um triângulo retângulo e, sobre cada lado, um quadrado. As áreas dos quadrados dos catetos se somam e cobrem exatamente a área do quadrado da hipotenusa.",https://upload.wikimedia.org/wikipedia/commons/2/2e/Pythagorean.svg,,
EF.09.MAT.3.100,e6_interpreta_figura,escolha,TRUE,"Na demonstração geométrica com três quadrados, o quadrado construído sobre a hipotenusa representa, em linguagem algébrica:",,,
EF.09.MAT.3.100,e6_corrige_figura,mensagem,FALSE,O quadrado construído sobre um lado de comprimento \( c \) tem área \( c \times c = c^2 \). Os quadrados sobre os catetos têm áreas \( a^2 \) e \( b^2 \). A demonstração geométrica mostra que a área do quadrado da hipotenusa é exatamente igual a \( a^2 + b^2 \).,,,
EF.09.MAT.3.100,e7_verificacao_numerica,mensagem,FALSE,"Vamos verificar a validade do teorema com a terna pitagórica (3, 4, 5).<br><br>Considere um triângulo retângulo com catetos \( a = 3 \) e \( b = 4 \) e hipotenusa \( c = 5 \).<br><br><br><br>1) \( a^2 = 3^2 = 9 \)<br><br>2) \( b^2 = 4^2 = 16 \)<br><br>3) \( a^2 + b^2 = 9 + 16 = 25 \)<br><br>4) \( c^2 = 5^2 = 25 \)<br><br><br><br>Como \( a^2 + b^2 = c^2 \), as áreas se encaixam e confirmam o Teorema de Pitágoras para esse triângulo.",,,
EF.09.MAT.3.100,e7_confirma_345,escolha,TRUE,"Com os valores \( 9 \), \( 16 \) e \( 25 \), o Teorema de Pitágoras é verificado?",,,
EF.09.MAT.3.100,e7_corrige_345,mensagem,FALSE,"Reorganizando os cálculos:<br><br>1) \( a^2 = 9 \)<br><br>2) \( b^2 = 16 \)<br><br>3) \( a^2 + b^2 = 9 + 16 = 25 \)<br><br>4) \( c^2 = 25 \)<br><br><br><br>Logo, \( a^2 + b^2 = c^2 \).",,,
EF.09.MAT.3.100,e8_validade_geral,mensagem,FALSE,"O exemplo (3, 4, 5) confirma numericamente, mas o Teorema de Pitágoras é válido para qualquer triângulo retângulo, com qualquer medida de catetos, não apenas para ternas com números inteiros.",,,
EF.09.MAT.3.100,e8_outro_exemplo,escolha,TRUE,"Um triângulo retângulo tem catetos \( a = 1 \) e \( b = 1 \). Qual seria a hipotenusa, e isso confirma que o teorema funciona fora das ternas inteiras?",,,
EF.09.MAT.3.100,e8_corrige_outro_exemplo,mensagem,FALSE,"1) \( a^2 = 1^2 = 1 \)<br><br>2) \( b^2 = 1^2 = 1 \)<br><br>3) \( c^2 = a^2 + b^2 = 1 + 1 = 2 \)<br><br>4) \( c = \sqrt{2} \)<br><br><br><br>Mesmo assim, a igualdade \( c^2 = a^2 + b^2 \) continua verdadeira. O teorema funciona para qualquer triângulo retângulo.",,,
EF.09.MAT.3.100,e9_triangulo_invalido,escolha,TRUE,Para qual dos triângulos abaixo o Teorema de Pitágoras se aplica diretamente?,,,
EF.09.MAT.3.100,e9_corrige_invalido,mensagem,FALSE,"O Teorema de Pitágoras aplica-se somente a triângulos retângulos, ou seja, aqueles que possuem exatamente um ângulo de 90°.",,,
EF.09.MAT.3.100,e10_reciproca,mensagem,FALSE,"O Teorema de Pitágoras também funciona no sentido inverso, chamado recíproca:<br><br>-> Se três lados \( a \), \( b \) e \( c \) satisfazem \( a^2 + b^2 = c^2 \), então o triângulo formado por eles é necessariamente retângulo.<br><br>Isso permite verificar se um triângulo é retângulo sem medir ângulos.",,,
EF.09.MAT.3.100,e10_reciproca_q,escolha,TRUE,"Um triângulo tem lados medindo 6, 8 e 10. Ele é retângulo?",,,
EF.09.MAT.3.100,e10_corrige_reciproca,mensagem,FALSE,"1) \( 6^2 = 36 \)<br><br>2) \( 8^2 = 64 \)<br><br>3) \( 36 + 64 = 100 \)<br><br>4) \( 10^2 = 100 \)<br><br><br><br>Como \( a^2 + b^2 = c^2 \), a recíproca do Teorema de Pitágoras garante que o triângulo é retângulo.",,,
EF.09.MAT.3.100,e11_problema_aplicado,mensagem,FALSE,"O Teorema de Pitágoras aparece em situações reais toda vez que precisamos calcular uma distância com ângulo reto envolvido. Veja a imagem abaixo: uma escada apoia-se numa parede vertical, formando um triângulo retângulo com o chão.",https://pplx-res.cloudinary.com/image/upload/pplx_search_images/e7c0a808dfaa68caf4b855731b29f7e7b1678967.jpg,,
EF.09.MAT.3.100,e11_problema_escada,escolha,TRUE,Uma escada de 13 m apoia-se em uma parede. O pé da escada está a 5 m da base da parede. A que altura o topo da escada chega na parede?,,,
EF.09.MAT.3.100,e11_corrige_escada,mensagem,FALSE,Dados:<br><br>-> \( c = 13 \) (hipotenusa)<br><br>-> \( a = 5 \) (cateto na base)<br><br>-> \( b \) (altura)<br><br><br><br>1) \( c^2 = 13^2 = 169 \)<br><br>2) \( a^2 = 5^2 = 25 \)<br><br>3) \( b^2 = c^2 - a^2 = 169 - 25 = 144 \)<br><br>4) \( b = \sqrt{144} = 12 \)<br><br><br><br>O topo da escada chega a \( 12 \) m de altura na parede.,,,
EF.09.MAT.3.100,e12_reflexao_algebra_geometria,mensagem,FALSE,"Ao longo da sessão:<br><br>-> Partimos da fórmula \( c^2 = a^2 + b^2 \);<br><br>-> Interpretamos \( a^2 \), \( b^2 \), \( c^2 \) como áreas de quadrados sobre os lados;<br><br>-> Verificamos com exemplos numéricos (3,4,5), (6,8,10), (1,1,\(\sqrt{2}\));<br><br>-> Usamos a recíproca para identificar triângulos retângulos;<br><br>-> Aplicamos o teorema em um problema real.<br><br>Isso é relacionar álgebra e geometria no Teorema de Pitágoras.",,,
EF.09.MAT.3.100,e13_sintese_final,escolha,TRUE,Qual das afirmações abaixo melhor descreve a relação entre a representação algébrica e geométrica do Teorema de Pitágoras?,,,
EF.09.MAT.3.100,e13_reforca_sintese,mensagem,FALSE,"A equação \( c^2 = a^2 + b^2 \) descreve precisamente a relação entre as áreas dos três quadrados construídos sobre os lados do triângulo retângulo. A geometria não apenas ilustra, ela demonstra. As duas linguagens, algébrica e geométrica, expressam a mesma verdade matemática.",,,
EF.09.MAT.3.100,e_final,avaliacao,TRUE,Vamos registrar um resultado objetivo desta sessão.,https://upload.wikimedia.org/wikipedia/commons/2/2e/Pythagorean.svg,Analise as afirmações abaixo e marque a alternativa correta:,Essas três afirmativas cobrem exatamente o descritor da habilidade: relacionar a representação algébrica com a demonstração geométrica e reconhecer a validade do teorema.
EF.09.MAT.3.101,e1,escolha,FALSE,"Quando aparece um triângulo retângulo com altura traçada na hipotenusa, com letras como \( a, b, c, h, m, n \), qual dessas atitudes parece mais com você?",,,
EF.09.MAT.3.101,e2_nao_sabe,mensagem,FALSE,"Quando olhamos para um triângulo retângulo com altura na hipotenusa, aparecem novos segmentos além dos três lados principais. Se tentarmos decorar fórmulas sem entender de onde vêm, fica confuso. Vamos primeiro enxergar quem é quem nessa figura.",,,
EF.09.MAT.3.101,e2_formula_sem_sentido,mensagem,FALSE,"As fórmulas \( h^2 = m\cdot n \), \( b^2 = a\cdot m \), \( c^2 = a\cdot n \), \( b\cdot c = a\cdot h \) parecem um monte de letras soltas. Todas elas nascem da semelhança entre três triângulos. Se entendermos essa semelhança, as fórmulas deixam de ser decoradas.",,,
EF.09.MAT.3.101,e2_semelhanca_confusa,mensagem,FALSE,"Você já percebe que há semelhança entre os triângulos formados pela altura da hipotenusa. O que falta é transformar essa semelhança em proporções claras, linha a linha, até chegar às fórmulas métricas.",,,
EF.09.MAT.3.101,e2_avancado,mensagem,FALSE,"Ótimo. Vamos pegar o que você já sabe, organizar a figura, escrever as semelhanças e ver cada relação métrica surgindo como consequência, sem decorar nada isolado.",,,
EF.09.MAT.3.101,e3_figura_base,mensagem,FALSE,Observe a figura padrão das relações métricas. Temos um triângulo retângulo \( ABC \) com ângulo reto em \( A \). A hipotenusa é \( BC \) e foi dividida pela altura \( h \) em dois segmentos: \( BD = n \) e \( DC = m \). Os catetos são \( AB = c \) e \( AC = b \).,https://pplx-res.cloudinary.com/image/upload/pplx_search_images/37c2fea1e64a930b3ead306f510e711213551d86.jpg,,
EF.09.MAT.3.101,e3_identificar_notacao,escolha,TRUE,"Na figura, quais segmentos são os catetos e qual é a hipotenusa do triângulo original \( ABC \)?",,,
EF.09.MAT.3.101,e3_corrige_notacao,mensagem,FALSE,"No triângulo original \( ABC \):<br><br>-> Os catetos são \( AB = c \) e \( AC = b \), que formam o ângulo reto.<br><br>-> A hipotenusa é \( BC = a \), o lado oposto ao ângulo de 90°.<br><br>-> A altura \( h \) sai de \( A \) e cai na hipotenusa, dividindo-a em \( BD = n \) e \( DC = m \).",,,
EF.09.MAT.3.101,e4_semelhanca_triangulos,mensagem,FALSE,"Ao traçar a altura \( h \), surgem dois triângulos menores: \( ABD \) e \( ADC \). Ambos são retângulos e semelhantes entre si e ao triângulo \( ABC \). A partir dessa semelhança, nascem todas as relações métricas.",,,
EF.09.MAT.3.101,e4_escolha_semelhanca,escolha,TRUE,Qual par de triângulos abaixo é semelhante ao triângulo original \( ABC \)?,,,
EF.09.MAT.3.101,e4_corrige_semelhanca,mensagem,FALSE,"Ao traçar a altura, os triângulos \( ABD \) e \( ADC \) são ambos retângulos e compartilham ângulos com \( ABC \). Isso garante que todos são semelhantes entre si.",,,
EF.09.MAT.3.101,e5_escreve_semelhancas,mensagem,FALSE,Vamos escrever uma das semelhanças explicitamente. Compare o triângulo maior \( ABC \) com o triângulo \( ABD \):<br><br>-> Ângulo em \( A \) é reto nos dois.<br><br>-> Ângulo em \( B \) é comum.<br><br>Então podemos escrever:<br><br>1) \( \triangle ABC \sim \triangle ABD \).<br><br><br><br>Fazendo o mesmo com \( ADC \):<br><br>2) \( \triangle ABC \sim \triangle ADC \).<br><br><br><br>Essas semelhanças vão gerar proporções de lados.,,,
EF.09.MAT.3.101,e6_relacao_altura,mensagem,FALSE,Vamos começar pela relação da altura \( h \). A ideia é pensar na altura como cateto em um dos triângulos menores e usar a semelhança para ligar \( h \) às projeções \( m \) e \( n \).,,,
EF.09.MAT.3.101,e6_escolha_altura,escolha,TRUE,Em qual triângulo \( h \) aparece como lado diretamente associado às projeções \( m \) e \( n \)?,,,
EF.09.MAT.3.101,e7_deduz_h2_mn,mensagem,FALSE,"Usando semelhança, podemos escrever proporções entre os triângulos menores:<br><br><br><br>No triângulo \( ABD \):<br><br>1) \( \frac{h}{n} = \frac{c}{a} \)<br><br><br><br>No triângulo \( ADC \):<br><br>2) \( \frac{h}{m} = \frac{b}{a} \)<br><br><br><br>Multiplicando as duas igualdades membro a membro, obtemos uma relação envolvendo \( h^2 \), \( m \) e \( n \).",,,
EF.09.MAT.3.101,e7_escolha_h2_mn,escolha,TRUE,"Ao multiplicar as duas proporções \( \frac{h}{n} = \frac{c}{a} \) e \( \frac{h}{m} = \frac{b}{a} \), qual expressão envolvendo \( h^2 \) e \( m \cdot n \) aparece?",,,
EF.09.MAT.3.101,e7_corrige_h2_mn,mensagem,FALSE,"Multiplicando:<br><br>1) \( \frac{h}{n} = \frac{c}{a} \)<br><br>2) \( \frac{h}{m} = \frac{b}{a} \)<br><br><br><br>Temos \( \frac{h}{n} \cdot \frac{h}{m} = \frac{c}{a} \cdot \frac{b}{a} \)<br><br>\( \Rightarrow \frac{h^2}{mn} = \frac{bc}{a^2} \)<br><br><br><br>Combinando com \( a^2 = b^2 + c^2 \), obtemos \( h^2 = m\cdot n \).",,,
EF.09.MAT.3.101,e8_aplica_h2_mn,mensagem,FALSE,A relação \( h^2 = m \cdot n \) diz: o quadrado da altura relativa à hipotenusa é igual ao produto das projeções dos catetos sobre a hipotenusa. Vamos testá-la com um exemplo numérico.,,,
EF.09.MAT.3.101,e8_exemplo_h2_mn,escolha,TRUE,"Em um triângulo retângulo, a hipotenusa mede \( a = 13 \), e as projeções dos catetos sobre a hipotenusa são \( m = 4 \) e \( n = 9 \). Qual é a altura \( h \)?",,,
EF.09.MAT.3.101,e8_corrige_exemplo_h,mensagem,FALSE,Usando \( h^2 = m \cdot n \):<br><br>1) \( h^2 = 4 \cdot 9 = 36 \)<br><br>2) \( h = \sqrt{36} = 6 \)<br><br><br><br>A altura relativa à hipotenusa mede 6 unidades.,,,
EF.09.MAT.3.101,e9_relacao_catetos,mensagem,FALSE,Agora vamos às relações que ligam catetos e projeções:<br><br>-> \( b^2 = a \cdot m \)<br><br>-> \( c^2 = a \cdot n \)<br><br>Ambas nascem de proporções de semelhança entre o triângulo original e cada triângulo menor.,,,
EF.09.MAT.3.101,e9_escolha_cateto_relacao,escolha,TRUE,Qual proporção de semelhança leva diretamente à relação \( b^2 = a \cdot m \)?,,,
EF.09.MAT.3.101,e9_corrige_cateto_relacao,mensagem,FALSE,"Para chegar em \( b^2 = a \cdot m \), precisamos de uma proporção que tenha \( b \) no numerador e no denominador, além de \( a \) e \( m \). A relação \( \frac{b}{a} = \frac{m}{b} \) é a mais direta.",,,
EF.09.MAT.3.101,e10_deduz_b2_am,mensagem,FALSE,"Partindo da semelhança entre \( \triangle ABC \) e \( \triangle ADC \), obtemos:<br><br>1) \( \frac{b}{a} = \frac{m}{b} \)<br><br><br><br>Multiplicando cruzado:<br><br>2) \( b^2 = a \cdot m \)<br><br><br><br>De forma análoga, usando o triângulo \( ABD \): \( c^2 = a \cdot n \).",,,
EF.09.MAT.3.101,e10_exemplo_catetos,escolha,TRUE,"Em um triângulo retângulo, a hipotenusa mede \( a = 13 \), e as projeções são \( m = 4 \) e \( n = 9 \). Qual é o valor de \( b \), usando \( b^2 = a \cdot m \)?",,,
EF.09.MAT.3.101,e10_corrige_exemplo_b,mensagem,FALSE,"Aplicando \( b^2 = a \cdot m \):<br><br>1) \( b^2 = 13 \cdot 4 = 52 \)<br><br>2) \( 52 = 4 \cdot 13 \)<br><br>3) \( b = \sqrt{52} = \sqrt{4 \cdot 13} = 2\sqrt{13} \)<br><br><br><br>Assim, \( b = 2\sqrt{13} \).",,,
EF.09.MAT.3.101,e11_produto_catetos,mensagem,FALSE,Uma relação muito prática é \( b \cdot c = a \cdot h \): o produto dos catetos é igual ao produto da hipotenusa pela altura relativa a ela. Essa relação também nasce da semelhança e combina as ideias anteriores.,,,
EF.09.MAT.3.101,e11_escolha_produto,escolha,TRUE,"Em um triângulo retângulo com catetos \( b = 6 \) e \( c = 8 \) e hipotenusa \( a = 10 \), qual é a altura \( h \), usando \( b \cdot c = a \cdot h \)?",,,
EF.09.MAT.3.101,e11_corrige_produto,mensagem,FALSE,"Aplicando \( b \cdot c = a \cdot h \):<br><br>1) \( 6 \cdot 8 = 10 \cdot h \)<br><br>2) \( 48 = 10h \)<br><br>3) \( h = 48 / 10 = 4{,}8 \)<br><br><br><br>A altura relativa à hipotenusa mede 4,8 unidades.",,,
EF.09.MAT.3.101,e12_problema_integra,mensagem,FALSE,"Vamos integrar todas as relações em um único problema. Considere um triângulo retângulo com catetos \( b = 9 \) e \( c = 12 \). Primeiro vamos achar a hipotenusa, depois a altura e, por fim, as projeções \( m \) e \( n \).",,,
EF.09.MAT.3.101,e12_hipotenusa_integra,escolha,TRUE,"Com catetos \( b = 9 \) e \( c = 12 \), qual é a hipotenusa \( a \)?",,,
EF.09.MAT.3.101,e12_corrige_hipotenusa,mensagem,FALSE,"Calculando a hipotenusa:<br><br>1) \( a^2 = 9^2 + 12^2 = 81 + 144 = 225 \)<br><br>2) \( a = \sqrt{225} = 15 \)<br><br><br><br>Logo, \( a = 15 \).",,,
EF.09.MAT.3.101,e13_altura_integra,escolha,TRUE,"Usando \( b \cdot c = a \cdot h \) com \( b = 9 \), \( c = 12 \) e \( a = 15 \), qual é a altura \( h \)?",,,
EF.09.MAT.3.101,e13_corrige_altura,mensagem,FALSE,"Aplicando \( b \cdot c = a \cdot h \):<br><br>1) \( 9 \cdot 12 = 15 \cdot h \)<br><br>2) \( 108 = 15h \)<br><br>3) \( h = 108 / 15 = 7{,}2 \)<br><br><br><br>Portanto, \( h = 7{,}2 \).",,,
EF.09.MAT.3.101,e14_projecoes_integra,mensagem,FALSE,"Sabemos que \( h^2 = m \cdot n \) e que \( a = m + n \). Com \( a = 15 \) e \( h = 7{,}2 \), podemos encontrar \( m \) e \( n \) (as projeções), resolvendo um sistema simples.",,,
EF.09.MAT.3.101,e14_escolha_projecoes,escolha,TRUE,"Sabendo que \( h^2 = m \cdot n \) e \( m + n = a = 15 \), que conjunto de equações traduz essa situação?",,,
EF.09.MAT.3.101,e14_corrige_projecoes,mensagem,FALSE,"As equações certas são:<br><br>1) \( m + n = a = 15 \)<br><br>2) \( m \cdot n = h^2 = 7{,}2^2 = 51{,}84 \)<br><br><br><br>Elas ligam altura, projeções e hipotenusa.",,,
EF.09.MAT.3.101,e15_sintese_final,escolha,TRUE,"Depois desta sessão, qual frase melhor resume a lógica das relações métricas no triângulo retângulo?",,,
EF.09.MAT.3.101,e15_reforca_sintese,mensagem,FALSE,"Todas as relações métricas — \( h^2 = m \cdot n \), \( b^2 = a \cdot m \), \( c^2 = a \cdot n \), \( b \cdot c = a \cdot h \) — nascem da mesma raiz: a semelhança entre os triângulos \( ABC \), \( ABD \) e \( ADC \), combinada com o Teorema de Pitágoras. Não são fórmulas isoladas.",,,
EF.09.MAT.3.101,e_final,avaliacao,TRUE,Vamos registrar um resultado objetivo desta sessão.,https://pplx-res.cloudinary.com/image/upload/pplx_search_images/37c2fea1e64a930b3ead306f510e711213551d86.jpg,Analise as afirmações abaixo e marque a alternativa correta:,Essas três afirmações cobrem os descritores centrais desta habilidade: usar semelhança de triângulos para demonstrar e aplicar as relações métricas no triângulo retângulo.
EF.09.MAT.3.99,e1,escolha,FALSE,"Quando você escuta que dois triângulos são ""semelhantes"", o que isso significa para você?",,,
EF.09.MAT.3.99,e2_formato_parecido,mensagem,FALSE,"Na matemática, ""parecido"" não é suficiente. Dizemos que dois triângulos são semelhantes quando têm a mesma forma, o que significa:<br><br>-> mesmos ângulos;<br><br>-> lados em proporção.<br><br>Vamos tornar essa ideia mais precisa.",,,
EF.09.MAT.3.99,e2_confunde_congruencia,mensagem,FALSE,"Triângulos congruentes são exatamente iguais em tamanho e forma.<br><br>Triângulos semelhantes têm a mesma forma, mas podem ter tamanhos diferentes (um pode ser maior ou menor).<br><br>Nos dois casos, os ângulos são iguais, mas os lados, na semelhança, entram em proporção.",,,
EF.09.MAT.3.99,e2_sabe_meio,mensagem,FALSE,"Você já ouviu falar em ângulos iguais e lados proporcionais, que é a base da semelhança de triângulos.<br><br>Vamos organizar isso nas três condições principais: AA, LAL e LLL.",,,
EF.09.MAT.3.99,e2_avancado,mensagem,FALSE,"Vamos usar exemplos visuais para reforçar as condições de semelhança e treinar a identificação correta dos lados correspondentes, que é o ponto em que mais surgem erros.",,,
EF.09.MAT.3.99,e3_intuicao_semelhanca,mensagem,FALSE,"Imagine um triângulo e depois uma versão ampliada dele, como se você tivesse dado zoom na figura.<br><br>Os ângulos permanecem os mesmos, mas os lados aumentam todos na mesma proporção.<br><br>Isso é um exemplo clássico de triângulos semelhantes.",https://pplx-res.cloudinary.com/image/upload/pplx_search_images/09f697a265827bbfb3c30f31eb3c119b6e82f96a.jpg,,
EF.09.MAT.3.99,e3_imagem_basica,escolha,TRUE,"Se um triângulo é uma versão ampliada de outro, o que precisa acontecer com os ângulos e com os lados para que sejam semelhantes?",,,
EF.09.MAT.3.99,e3_corrige_imagem,mensagem,FALSE,"Para que dois triângulos sejam semelhantes:<br><br>-> todos os ângulos correspondentes devem ser iguais;<br><br>-> os comprimentos dos lados correspondentes devem estar em uma mesma proporção (por exemplo, todos dobrados ou todos pela metade).",,,
EF.09.MAT.3.99,e4_definicao_formal,mensagem,FALSE,"Formalmente, dizemos que dois triângulos \( \triangle ABC \) e \( \triangle DEF \) são semelhantes quando:<br><br>-> \( \angle A = \angle D \), \( \angle B = \angle E \), \( \angle C = \angle F \);<br><br>-> \( \frac{AB}{DE} = \frac{BC}{EF} = \frac{AC}{DF} \).<br><br>Essa igualdade de ângulos e proporção de lados define a semelhança.",,,
EF.09.MAT.3.99,e4_condicoes_resumo,mensagem,FALSE,Existem três formas práticas de reconhecer que dois triângulos são semelhantes:<br><br>-> Condição AA: dois ângulos de um são iguais a dois ângulos do outro;<br><br>-> Condição LAL: um ângulo igual e os lados que o formam proporcionais;<br><br>-> Condição LLL: os três lados proporcionais.<br><br>Vamos examinar cada uma delas com calma.,,,
EF.09.MAT.3.99,e5_condicao_AA,mensagem,FALSE,"Condição AA (ângulo–ângulo):<br><br>Se dois ângulos de um triângulo são iguais a dois ângulos de outro triângulo, então os triângulos são semelhantes.<br><br>Isso funciona porque a soma dos ângulos internos é sempre 180°, então o terceiro ângulo também será igual.",,,
EF.09.MAT.3.99,e5_escolha_AA,escolha,TRUE,Se em dois triângulos sabemos que:<br><br>-> \( \angle A = \angle D \);<br><br>-> \( \angle B = \angle E \);<br><br>O que podemos concluir?,,,
EF.09.MAT.3.99,e5_corrige_AA,mensagem,FALSE,"Se dois ângulos de um triângulo são iguais a dois ângulos de outro, o terceiro ângulo também será igual, pois a soma é 180° em ambos.<br><br>Com três ângulos iguais, os triângulos têm a mesma forma e, portanto, são semelhantes (condição AA).",,,
EF.09.MAT.3.99,e6_condicao_LAL,mensagem,FALSE,"Condição LAL (lado–ângulo–lado):<br><br>Se um ângulo de um triângulo é igual a um ângulo de outro triângulo, e os lados que formam esse ângulo estão em proporção, então os triângulos são semelhantes.<br><br>Importante: os lados proporcionalmente iguais devem ser os que estão 'colados' no ângulo conhecido.",,,
EF.09.MAT.3.99,e6_escolha_LAL,escolha,TRUE,"Em dois triângulos, temos:<br><br>-> \( \angle B = \angle E \);<br><br>-> \( \frac{AB}{DE} = \frac{BC}{EF} \).<br><br>Isso garante que os triângulos são semelhantes?",,,
EF.09.MAT.3.99,e6_corrige_LAL,mensagem,FALSE,"Quando um ângulo é comum e os lados que formam esse ângulo estão em proporção, a forma do triângulo fica determinada (mesmo que o tamanho mude).<br><br>Isso torna LAL uma condição suficiente de semelhança.",,,
EF.09.MAT.3.99,e7_condicao_LLL,mensagem,FALSE,"Condição LLL (lado–lado–lado):<br><br>Se os três lados de um triângulo são proporcionais aos três lados de outro triângulo (na mesma ordem), então os dois triângulos são semelhantes.<br><br>Isso significa que existe um único fator de escala que transforma um triângulo no outro.",,,
EF.09.MAT.3.99,e7_escolha_LLL,escolha,TRUE,"Dois triângulos têm lados:<br><br>Triângulo 1: 3, 4, 5<br><br>Triângulo 2: 6, 8, 10<br><br>Esses triângulos são semelhantes?",,,
EF.09.MAT.3.99,e7_corrige_LLL,mensagem,FALSE,"Quando todos os lados correspondentes são proporcionais, como (3,4,5) e (6,8,10), existe um fator de escala que leva um triângulo ao outro.<br><br>Isso garante que os ângulos também são iguais e, portanto, os triângulos são semelhantes (condição LLL).",,,
EF.09.MAT.3.99,e8_exemplo_LLL_detalhe,mensagem,FALSE,"Verificando a proporção dos lados:<br><br>1) \( \frac{3}{6} = \frac{1}{2} \)<br><br>2) \( \frac{4}{8} = \frac{1}{2} \)<br><br>3) \( \frac{5}{10} = \frac{1}{2} \)<br><br>Todos os quocientes são iguais (1/2).<br><br>Logo, os triângulos têm lados em proporção e são semelhantes pela condição LLL.",,,
EF.09.MAT.3.99,e9_identificar_correspondencia,mensagem,FALSE,"Reconhecer semelhança não é só dizer ""AA"", ""LAL"" ou ""LLL"". Também é crucial:<br><br>-> saber quais lados correspondem entre si;<br><br>-> escrever proporções na ordem correta.<br><br>Vamos treinar isso com um par de triângulos rotulados.",https://pplx-res.cloudinary.com/image/upload/pplx_search_images/09f697a265827bbfb3c30f31eb3c119b6e82f96a.jpg,,
EF.09.MAT.3.99,e9_escolha_correspondencia,escolha,TRUE,"Suponha que \( \triangle ABC \sim \triangle DEF \), com a correspondência A↔D, B↔E, C↔F.<br><br>Qual proporção de lados está escrita corretamente?",,,
EF.09.MAT.3.99,e9_corrige_correspondencia,mensagem,FALSE,"Quando escrevemos \( \triangle ABC \sim \triangle DEF \), estamos dizendo:<br><br>-> A ↔ D;<br><br>-> B ↔ E;<br><br>-> C ↔ F.<br><br>Isso significa que AB corresponde a DE, BC a EF e AC a DF.<br><br>As proporções devem respeitar essa ordem.",,,
EF.09.MAT.3.99,e10_exemplo_proporcao,mensagem,FALSE,"Exemplo numérico:<br><br>Se \( \triangle ABC \sim \triangle DEF \), com<br><br>AB = 4, BC = 6, AC = 8<br><br>DE = 2, EF = 3, DF = 4,<br><br>então:<br><br>1) \( \frac{AB}{DE} = \frac{4}{2} = 2 \)<br><br>2) \( \frac{BC}{EF} = \frac{6}{3} = 2 \)<br><br>3) \( \frac{AC}{DF} = \frac{8}{4} = 2 \)<br><br>Todas as frações dão 2, confirmando a semelhança pela condição LLL.",,,
EF.09.MAT.3.99,e11_problema_contextual,mensagem,FALSE,"Em aplicações, usamos semelhança para encontrar medidas que não conseguimos medir diretamente.<br><br>Por exemplo, calcular a altura de um prédio usando a sombra dele e a sombra de um objeto menor conhecido.",https://pplx-res.cloudinary.com/image/upload/pplx_search_images/e7c0a808dfaa68caf4b855731b29f7e7b1678967.jpg,,
EF.09.MAT.3.99,e11_escolha_contexto,escolha,TRUE,Suponha:<br><br>-> Um poste de 2 m faz uma sombra de 1 m.<br><br>-> Um prédio faz uma sombra de 5 m.<br><br>Os triângulos formados (posto–sombra–sol e prédio–sombra–sol) são semelhantes?<br><br>,,,
EF.09.MAT.3.99,e11_corrige_contexto,mensagem,FALSE,"Quando o Sol está em uma certa posição, os raios solares chegam paralelos tanto no poste quanto no prédio.<br><br>Isso faz com que os ângulos da base e do topo sejam iguais nos dois casos, e ambos estão sobre um chão horizontal.<br><br>Assim, os triângulos formados são semelhantes.",,,
EF.09.MAT.3.99,e12_calculo_altura_predio,mensagem,FALSE,"Como os triângulos são semelhantes, podemos usar proporção de lados:<br><br>Poste: altura 2 m, sombra 1 m;<br><br>Prédio: altura H, sombra 5 m.<br><br>Proporção:<br><br>1) \( \frac{2}{1} = \frac{H}{5} \)<br><br>2) \( 2 \cdot 5 = 1 \cdot H \)<br><br>3) \( H = 10 \)<br><br>Logo, o prédio mede 10 m de altura.",,,
EF.09.MAT.3.99,e13_sintese,escolha,TRUE,"Depois desta sessão, qual frase melhor resume as condições para que dois triângulos sejam semelhantes?",,,
EF.09.MAT.3.99,e13_corrige_sintese,mensagem,FALSE,As três condições clássicas de semelhança são:<br><br>-> AA: dois ângulos iguais em cada triângulo;<br><br>-> LAL: um ângulo igual e lados adjacentes proporcionais;<br><br>-> LLL: três lados proporcionais.<br><br>Todas garantem que os triângulos têm mesma forma.,,,
EF.09.MAT.3.99,e_final,avaliacao,TRUE,Vamos registrar um resultado objetivo desta sessão.,https://upload.wikimedia.org/wikipedia/commons/2/2e/Pythagorean.svg,Analise as afirmações abaixo e marque a alternativa correta:,"Essas afirmações cobrem as três condições clássicas de semelhança de triângulos: AA, LAL e LLL."
EF.09.MAT.3.102,e1,escolha,FALSE,"Quando você ouve ""Teorema de Tales"" em geometria, o que vem à sua mente?",,,
EF.09.MAT.3.102,e2_nada_especifico,mensagem,FALSE,"O Teorema de Tales aparece quando temos um feixe de retas paralelas cortado por duas (ou mais) retas transversais.<br><br>Nessa situação, os segmentos formados nas transversais ficam em proporção.<br><br>Vamos ver isso em uma figura simples.",,,
EF.09.MAT.3.102,e2_retaseproporcao,mensagem,FALSE,Você já lembra do cenário certo: retas paralelas cortadas por transversais.<br><br>O Teorema de Tales garante proporcionalidade entre os segmentos dessas transversais.<br><br>Vamos trabalhar principalmente em como montar as frações na ordem correta.,,,
EF.09.MAT.3.102,e2_confusao_segmentos,mensagem,FALSE,"Saber que ""há proporção"" é apenas metade do caminho.<br><br>O mais importante é reconhecer quais segmentos são correspondentes entre si na figura, e então montar a proporção com clareza.",,,
EF.09.MAT.3.102,e2_avancado,mensagem,FALSE,"Vamos usar o Teorema de Tales tanto em figuras planas e semelhança de triângulos como em problemas cotidianos (mapas, escalas, construção, etc.), reforçando a leitura geométrica das proporções.",,,
EF.09.MAT.3.102,e3_figura_basica,mensagem,FALSE,"Observe a figura: três retas paralelas formam um feixe.<br><br>Duas retas transversais cortam esse feixe, criando segmentos nas transversais.<br><br>Chamemos os segmentos da primeira transversal de \( a \) e \( b \), e os da segunda de \( c \) e \( d \).",https://pplx-res.cloudinary.com/image/upload/pplx_search_images/37c2fea1e64a930b3ead306f510e711213551d86.jpg,,
EF.09.MAT.3.102,e3_enunciado_tales,mensagem,FALSE,"Enunciado do Teorema de Tales:<br><br>Um feixe de retas paralelas determina, sobre duas retas transversais, segmentos proporcionais.<br><br>Isso significa que:<br><br>\( \frac{a}{b} = \frac{c}{d} \).",,,
EF.09.MAT.3.102,e4_escolha_enunciado,escolha,TRUE,Qual frase traduz corretamente o Teorema de Tales?,,,
EF.09.MAT.3.102,e4_corrige_enunciado,mensagem,FALSE,O Teorema de Tales não fala de triângulos nem de qualquer conjunto de retas.<br><br>Ele exige:<br><br>-> um feixe de retas paralelas;<br><br>-> duas retas transversais que cortam esse feixe;<br><br>-> segmentos correspondentes nas transversais em proporção.,,,
EF.09.MAT.3.102,e5_interpretar_figura,mensagem,FALSE,"Considere a figura com três paralelas e duas transversais:<br><br>Na primeira transversal, os segmentos medem 3 cm e 5 cm.<br><br>Na segunda transversal, o segmento correspondente ao 3 cm mede 6 cm, e o outro é desconhecido (\( x \)).<br><br>Pela proporcionalidade, podemos escrever a razão entre os segmentos.",,,
EF.09.MAT.3.102,e5_montar_proporcao_simples,escolha,TRUE,Qual proporção está corretamente montada para essa situação?,,,
EF.09.MAT.3.102,e5_corrige_proporcao_simples,mensagem,FALSE,"Para montar a proporção, é importante alinhar segmentos correspondentes:<br><br>-> 3 cm na primeira transversal corresponde a 6 cm na segunda;<br><br>-> 5 cm na primeira transversal corresponde a \( x \) na segunda.<br><br>Por isso escrevemos \( \frac{3}{5} = \frac{6}{x} \).",,,
EF.09.MAT.3.102,e6_resolver_proporcao_simples,mensagem,FALSE,Resolvendo a proporção \( \frac{3}{5} = \frac{6}{x} \):<br><br>1) Multiplicação cruzada: \( 3 \cdot x = 5 \cdot 6 \)<br><br>2) \( 3x = 30 \)<br><br>3) \( x = 30 / 3 = 10 \)<br><br>O segmento desconhecido mede 10 cm.,,,
EF.09.MAT.3.102,e7_tales_semelhanca_triangulos,mensagem,FALSE,"O Teorema de Tales também pode ser visto como um caso particular de semelhança de triângulos.<br><br>Se prolongarmos as transversais até formar triângulos com as paralelas, obtemos triângulos semelhantes, e as proporções de Tales surgem dessas semelhanças.",,,
EF.09.MAT.3.102,e7_escolha_semelhanca,escolha,TRUE,Por que triângulos formados por um feixe de paralelas e duas transversais são semelhantes?,,,
EF.09.MAT.3.102,e7_corrige_semelhanca,mensagem,FALSE,"Triângulos são semelhantes quando têm ângulos correspondentes iguais e lados correspondentes proporcionais.<br><br>No contexto de retas paralelas cortadas por transversais, os ângulos iguais aparecem pelo paralelismo, e daí vêm as proporções.",,,
EF.09.MAT.3.102,e8_exemplo_semelhanca,mensagem,FALSE,Imagine dois triângulos formados pelas mesmas paralelas e transversais.<br><br>Eles compartilham ângulos correspondentes e têm os lados sobre as transversais relacionados pelos Teorema de Tales.<br><br>Isso mostra a ligação entre Tales (segmentos proporcionais) e semelhança de triângulos.,,,
EF.09.MAT.3.102,e9_problema_escala_mapa,mensagem,FALSE,"O Teorema de Tales aparece em problemas de escala e mapas, onde retas paralelas representam, por exemplo, linhas de latitude ou ruas paralelas, e transversais representam avenidas ou segmentos de medição.<br><br>Vamos ver um exemplo prático.",,,
EF.09.MAT.3.102,e9_escolha_mapa,escolha,TRUE,"Em um mapa, duas avenidas paralelas são cortadas por duas ruas transversais, formando segmentos medidos em centímetros no papel:<br><br>Na primeira rua, os trechos entre as avenidas medem 4 cm e 6 cm.<br><br>Na segunda rua, o trecho correspondente ao 4 cm mede 2 cm.<br><br>Qual deve ser o outro trecho na segunda rua para manter a proporcionalidade?",,,
EF.09.MAT.3.102,e9_corrige_mapa,mensagem,FALSE,"Mesmo sem saber a escala do mapa, o Teorema de Tales garante que:<br><br>\( \frac{4}{6} = \frac{2}{x} \).<br><br>A escala entra depois, para transformar centímetros do mapa em metros reais.",,,
EF.09.MAT.3.102,e10_resolucao_mapa,mensagem,FALSE,Resolvendo \( \frac{4}{6} = \frac{2}{x} \):<br><br>1) Multiplicação cruzada: \( 4 \cdot x = 6 \cdot 2 \)<br><br>2) \( 4x = 12 \)<br><br>3) \( x = 12 / 4 = 3 \)<br><br>O segundo trecho na segunda rua deve medir 3 cm no mapa para manter a proporcionalidade.,,,
EF.09.MAT.3.102,e11_problema_construcao,mensagem,FALSE,"Em construção civil, o Teorema de Tales é usado para dividir uma viga ou um terreno em partes proporcionais, traçando retas paralelas e transversais.<br><br>Vamos considerar um exemplo de divisão de comprimento em partes iguais usando paralelas.",,,
EF.09.MAT.3.102,e11_escolha_construcao,escolha,TRUE,"Um engenheiro precisa dividir uma viga de 9 m em três partes iguais, mas só pode trabalhar em escala num desenho.<br><br>Ele desenha a viga como um segmento AB e traça uma transversal a partir de A.<br><br>Nessa transversal, marca três segmentos iguais e traça paralelas para encontrar pontos C e D em AB.<br><br>Que propriedade garante que os segmentos AC, CD e DB terão o mesmo comprimento?",,,
EF.09.MAT.3.102,e11_corrige_construcao,mensagem,FALSE,"Ao marcar segmentos iguais em uma transversal e traçar retas paralelas, o Teorema de Tales garante que os segmentos correspondentes na viga ficam proporcionais.<br><br>Assim, dividir a transversal em três partes iguais implica dividir o segmento AB em três partes iguais.",,,
EF.09.MAT.3.102,e12_reflexao_tales_semelhanca,mensagem,FALSE,"Ao longo desta sessão, você viu que:<br><br>-> O Teorema de Tales fala de feixe de retas paralelas e transversais, gerando segmentos proporcionais;<br><br>-> Essas proporções podem ser vistas também como consequência da semelhança de triângulos;<br><br>-> Em problemas práticos (mapas, construção, escalas), Tales é a ferramenta que conecta medidas geométricas e numéricas.",,,
EF.09.MAT.3.102,e13_sintese_final,escolha,TRUE,Qual afirmação melhor resume o uso do Teorema de Tales em problemas?,,,
EF.09.MAT.3.102,e13_corrige_sintese,mensagem,FALSE,"O Teorema de Tales é um teorema geométrico que garante proporcionalidade entre segmentos gerados por retas paralelas e transversais.<br><br>A partir dele, montamos proporções como \( \frac{a}{b} = \frac{c}{d} \), resolvemos incógnitas e interpretamos situações reais com apoio da geometria.",,,
EF.09.MAT.3.102,e_final,avaliacao,TRUE,Vamos registrar um resultado objetivo desta sessão.,https://pplx-res.cloudinary.com/image/upload/pplx_search_images/37c2fea1e64a930b3ead306f510e711213551d86.jpg,Analise as afirmações abaixo e marque a alternativa correta:,Essas afirmativas descrevem o enunciado e o uso do Teorema de Tales em problemas de proporcionalidade e semelhança envolvendo feixe de retas paralelas e transversais.
EF.09.MAT.2.96,e1,escolha,FALSE,"Quando aparecem as palavras seno, cosseno e tangente, o que você sente?",,,
EF.09.MAT.2.96,e2_panico,mensagem,FALSE,"Seno, cosseno e tangente não são ""três fórmulas estranhas"".<br><br>Eles são apenas frações entre lados de um triângulo retângulo, ligadas a um ângulo agudo desse triângulo.<br><br>Vamos construir essa ideia a partir da figura.",,,
EF.09.MAT.2.96,e2_sabe_meio,mensagem,FALSE,"Você já associa trigonometria ao triângulo retângulo, o que é ótimo.<br><br>O próximo passo é saber identificar, em cada problema, qual razão usar (seno, cosseno ou tangente) a partir de quais lados aparecem.",,,
EF.09.MAT.2.96,e2_confusao,mensagem,FALSE,"Saber as fórmulas é útil, mas o essencial é enxergar quem é hipotenusa, quem é cateto oposto e quem é cateto adjacente em relação ao ângulo dado.<br><br>A partir disso, as razões trigonométricas ficam naturais.",,,
EF.09.MAT.2.96,e2_avancado,mensagem,FALSE,"Vamos revisar rapidamente as razões trigonométricas e, em seguida, trabalhar problemas de altura, distância e inclinação que exploram bem essas relações.",,,
EF.09.MAT.2.96,e3_triangulo_base,mensagem,FALSE,"Considere um triângulo retângulo \( ABC \), com ângulo reto em \( C \).<br><br>-> Hipotenusa: lado oposto ao ângulo reto, aqui \( AB \).<br><br>-> Catetos: \( AC \) e \( BC \), que formam o ângulo de 90°. <br><br>Olhe agora para um dos ângulos agudos, por exemplo \( \angle A \).",https://pplx-res.cloudinary.com/image/upload/pplx_search_images/37c2fea1e64a930b3ead306f510e711213551d86.jpg,,
EF.09.MAT.2.96,e3_identificar_oposto_adjacente,escolha,TRUE,Em relação ao ângulo \( \angle A \):<br><br>-> qual lado é o cateto oposto?<br><br>-> qual é o cateto adjacente?<br><br>,,,
EF.09.MAT.2.96,e3_corrige_oposto_adjacente,mensagem,FALSE,"Em relação ao ângulo \( \angle A \):<br><br>-> o cateto oposto é o lado que não encosta no vértice A, ou seja, \( BC \);<br><br>-> o cateto adjacente é o lado que encosta em A e faz parte do ângulo, \( AC \);<br><br>-> a hipotenusa continua sendo \( AB \), oposta ao ângulo reto.",,,
EF.09.MAT.2.96,e4_definicao_razoes,mensagem,FALSE,"No triângulo retângulo, as principais razões trigonométricas para um ângulo agudo \( \theta \) são:<br><br>Seno:<br><br>\( \text{sen}(\theta) = \frac{\text{cateto oposto}}{\text{hipotenusa}} \)<br><br>Cosseno:<br><br>\( \cos(\theta) = \frac{\text{cateto adjacente}}{\text{hipotenusa}} \)<br><br>Tangente:<br><br>\( \tan(\theta) = \frac{\text{cateto oposto}}{\text{cateto adjacente}} \).[web:151][web:153][web:156][web:155][web:158]",,,
EF.09.MAT.2.96,e4_escolha_definicao,escolha,TRUE,"Qual das opções identifica corretamente seno, cosseno e tangente de um ângulo \( \theta \) em um triângulo retângulo?",,,
EF.09.MAT.2.96,e4_corrige_definicao,mensagem,FALSE,As razões trigonométricas são divisões entre lados do triângulo retângulo:<br><br>-> seno: cateto oposto sobre hipotenusa;<br><br>-> cosseno: cateto adjacente sobre hipotenusa;<br><br>-> tangente: cateto oposto sobre cateto adjacente.<br><br>Não usamos hipotenusa na tangente.,,,
EF.09.MAT.2.96,e5_aplicar_definicao_simples,mensagem,FALSE,"Suponha um triângulo retângulo em que, para um ângulo \( \theta \):<br><br>-> cateto oposto mede 3;<br><br>-> cateto adjacente mede 4;<br><br>-> hipotenusa mede 5.<br><br>Vamos escrever sen(\( \theta \)), cos(\( \theta \)) e tan(\( \theta \)).",,,
EF.09.MAT.2.96,e5_escolha_exemplo_simples,escolha,TRUE,"Com oposto = 3, adjacente = 4 e hipotenusa = 5, quais são as razões de \( \theta \)?",,,
EF.09.MAT.2.96,e5_corrige_exemplo_simples,mensagem,FALSE,"Usando as definições:<br><br>-> sen(\( \theta \)) = oposto/hipotenusa = 3/5;<br><br>-> cos(\( \theta \)) = adjacente/hipotenusa = 4/5;<br><br>-> tan(\( \theta \)) = oposto/adjacente = 3/4.<br><br>Esses valores descrevem como o ângulo \( \theta \) ""vê"" os lados do triângulo.",,,
EF.09.MAT.2.96,e6_relacionar_angulo_medida,mensagem,FALSE,"Para um mesmo triângulo, cada ângulo agudo tem seu próprio seno, cosseno e tangente.<br><br>Isso significa que, conhecendo um ângulo e um lado, podemos descobrir os outros lados usando as razões trigonométricas.[web:151][web:153][web:156]",,,
EF.09.MAT.2.96,e6_escolha_relacao,escolha,TRUE,"Se conhecemos o ângulo \( \theta \) e o valor da hipotenusa, e queremos encontrar o cateto adjacente, qual razão faz mais sentido usar?",,,
EF.09.MAT.2.96,e6_corrige_relacao,mensagem,FALSE,"Para encontrar o cateto adjacente a partir da hipotenusa e do ângulo, usamos o cosseno:<br><br>\( \cos(\theta) = \frac{\text{adjacente}}{\text{hipotenusa}} \).<br><br>Assim, adjacente = \( \cos(\theta) \cdot \) hipotenusa.",,,
EF.09.MAT.2.96,e7_problema_escada,mensagem,FALSE,"Uma escada encosta em uma parede formando um ângulo de 60° com o chão.<br><br>A escada mede 4 m (hipotenusa).<br><br>Qual é a distância do pé da escada até a parede (cateto adjacente)?<br><br>Use o valor aproximado \( \cos(60°) = 0{,}5 \).[web:151][web:153][web:156]",https://pplx-res.cloudinary.com/image/upload/pplx_search_images/e7c0a808dfaa68caf4b855731b29f7e7b1678967.jpg,,
EF.09.MAT.2.96,e7_escolha_escada,escolha,TRUE,"Com hipotenusa = 4 m e \( \cos(60°) = 0{,}5 \), qual é o cateto adjacente?",,,
EF.09.MAT.2.96,e8_corrige_escada,mensagem,FALSE,"Aplicando a fórmula:<br><br>1) \( \cos(60°) = \frac{\text{adjacente}}{\text{hipotenusa}} \)<br><br>2) \( 0{,}5 = \frac{\text{adjacente}}{4} \)<br><br>3) adjacente = \( 0{,}5 \cdot 4 = 2 \)<br><br>A distância do pé da escada até a parede é de 2 m.",,,
EF.09.MAT.2.96,e8_problema_altura,mensagem,FALSE,"Agora queremos a altura que o topo da escada atinge na parede (cateto oposto).<br><br>Use \( \sin(60°) \approx 0{,}866 \).<br><br>Hipotenusa continua sendo 4 m.",,,
EF.09.MAT.2.96,e8_escolha_altura,escolha,TRUE,"Com hipotenusa = 4 m e \( \sin(60°) \approx 0{,}866 \), qual é o cateto oposto (altura)?",,,
EF.09.MAT.2.96,e9_corrige_altura,mensagem,FALSE,"Aplicando a fórmula:<br><br>1) \( \sin(60°) = \frac{\text{oposto}}{\text{hipotenusa}} \)<br><br>2) \( 0{,}866 = \frac{\text{oposto}}{4} \)<br><br>3) oposto = \( 0{,}866 \cdot 4 = 3{,}464 \) (aprox.)<br><br>Logo, o topo da escada atinge aproximadamente 3,464 m de altura.",,,
EF.09.MAT.2.96,e9_relacao_tangente,mensagem,FALSE,"A tangente de um ângulo em um triângulo retângulo mede a ""inclinação"": é a razão entre cateto oposto e cateto adjacente.<br><br>\( \tan(\theta) = \frac{\text{oposto}}{\text{adjacente}} \).[web:151][web:153][web:156][web:158]",,,
EF.09.MAT.2.96,e9_escolha_tangente,escolha,TRUE,"Se em um triângulo retângulo, para certo ângulo \( \theta \), oposto = 3 e adjacente = 4, qual é \( \tan(\theta) \)?",,,
EF.09.MAT.2.96,e9_corrige_tangente,mensagem,FALSE,Tangente sempre é cateto oposto sobre cateto adjacente:<br><br>Se oposto = 3 e adjacente = 4:<br><br>\( \tan(\theta) = 3/4 \).<br><br>Essa razão é muito usada para modelar inclinações de rampas e estradas.,,,
EF.09.MAT.2.96,e10_problema_rampa,mensagem,FALSE,"Uma rampa liga dois níveis de um prédio.<br><br>Ela sobe 1,5 m de altura (cateto oposto) em um deslocamento horizontal de 3 m (cateto adjacente).<br><br>A tangente do ângulo \( \theta \) que a rampa faz com o chão é:<br><br>\( \tan(\theta) = \frac{1{,}5}{3} = 0{,}5 \).",,,
EF.09.MAT.2.96,e10_escolha_rampa,escolha,TRUE,"O que significa dizer que \( \tan(\theta) = 0{,}5 \) para essa rampa?",,,
EF.09.MAT.2.96,e10_corrige_rampa,mensagem,FALSE,"A igualdade \( \tan(\theta) = 0{,}5 \) não diz que o ângulo mede 0,5° nem que a rampa tem 0,5 m de comprimento.<br><br>Ela diz que, para cada 1 unidade na horizontal, a rampa sobe 0,5 unidade na vertical.<br><br>É uma razão entre lados, não uma medida absoluta.",,,
EF.09.MAT.2.96,e11_reflexao_trigonometria,mensagem,FALSE,"Você viu que:<br><br>-> seno, cosseno e tangente são razões entre lados de um triângulo retângulo, ligadas a um ângulo agudo;<br><br>-> conhecendo um ângulo e um lado, podemos usar essas razões para encontrar outros lados;<br><br>-> essas ideias aparecem em problemas de escada, altura, distância e inclinação.",,,
EF.09.MAT.2.96,e12_sintese_final,escolha,TRUE,Qual das afirmações abaixo melhor descreve a trigonometria no triângulo retângulo?,,,
EF.09.MAT.2.96,e12_corrige_sintese,mensagem,FALSE,"Trigonometria no triângulo retângulo não é um ""pacote de fórmulas"" desconectado.<br><br>Ela descreve, com seno, cosseno e tangente, como cada ângulo enxerga os lados (catetos e hipotenusa), permitindo resolver problemas de altura, distância e inclinação.",,,
EF.09.MAT.2.96,e_final,avaliacao,TRUE,Vamos registrar um resultado objetivo desta sessão.,https://pplx-res.cloudinary.com/image/upload/pplx_search_images/37c2fea1e64a930b3ead306f510e711213551d86.jpg,Analise as afirmações abaixo e marque a alternativa correta:,"Essas afirmativas cobrem exatamente o descritor: relacionar medidas e ângulos do triângulo retângulo, aplicando seno, cosseno e tangente na resolução de problemas."
EF.09.MAT.3.98,e1,escolha,FALSE,"Quando você vê uma circunferência com arcos e ângulos desenhados, o que acontece?",,,
EF.09.MAT.3.98,e2_nao_diferencia,mensagem,FALSE,"Na circunferência, os ângulos mais importantes são:<br><br>-> o ângulo central, com vértice no centro;<br><br>-> o ângulo inscrito, com vértice na própria circunferência.<br><br>Cada um deles se relaciona com um arco, e é essa relação que vamos explorar.",,,
EF.09.MAT.3.98,e2_sabe_meio,mensagem,FALSE,Você já reconhece que existem diferentes tipos de ângulos na circunferência.<br><br>Agora vamos organizar:<br><br>-> como cada tipo é definido;<br><br>-> qual é a relação numérica entre o ângulo e o arco correspondente.,,,
EF.09.MAT.3.98,e2_meia_duvida,mensagem,FALSE,"A frase ""o inscrito vale metade"" está quase certa, mas precisa de contexto:<br><br>-> metade de quê?<br><br>-> em relação a qual arco?<br><br>Vamos tornar essa ideia precisa, usando figuras e, depois, software de geometria dinâmica.",,,
EF.09.MAT.3.98,e2_avancado,mensagem,FALSE,"Vamos revisar rapidamente a relação entre ângulo central, ângulo inscrito e arcos, e em seguida propor problemas mais elaborados, incluindo a exploração dinâmica (por exemplo, GeoGebra).",,,
EF.09.MAT.3.98,e3_definicoes_basicas,mensagem,FALSE,Ângulo central:<br><br>-> vértice no centro da circunferência;<br><br>-> seus lados são raios.<br><br>Ângulo inscrito:<br><br>-> vértice em um ponto da circunferência;<br><br>-> seus lados são cordas (secantes à circunferência).[web:161][web:163][web:166],https://pplx-res.cloudinary.com/image/upload/pplx_search_images/09f697a265827bbfb3c30f31eb3c119b6e82f96a.jpg,,
EF.09.MAT.3.98,e3_figura_central_inscrito,escolha,TRUE,"Na figura, qual ângulo é central e qual é inscrito?",,,
EF.09.MAT.3.98,e3_corrige_central_inscrito,mensagem,FALSE,"Para identificar:<br><br>-> olhe para o vértice do ângulo;<br><br>-> se o vértice está no centro da circunferência, o ângulo é central;<br><br>-> se o vértice está em um ponto da circunferência, o ângulo é inscrito.<br><br>O tamanho do ângulo não determina o tipo.",,,
EF.09.MAT.3.98,e4_relacao_central_arco,mensagem,FALSE,"Teorema para o ângulo central:<br><br>A medida de um arco de circunferência é igual à medida do ângulo central correspondente.<br><br>Ou seja, se o ângulo central mede 80°, o arco que ele intercepta também mede 80°.[web:161][web:163][web:166]",,,
EF.09.MAT.3.98,e4_escolha_central_arco,escolha,TRUE,"Se o ângulo central \( \widehat{AOB} \) mede 120°, qual é a medida do arco \( \widehat{AB} \) correspondente?",,,
EF.09.MAT.3.98,e4_corrige_central_arco,mensagem,FALSE,"Por definição:<br><br>-> o ângulo central e o arco correspondente têm a mesma medida;<br><br>-> se \( \widehat{AOB} = 120° \), então o arco \( \widehat{AB} \) também mede 120°.<br><br>Não há fator de 1/2 aqui.",,,
EF.09.MAT.3.98,e5_relacao_inscrito_arco,mensagem,FALSE,Teorema para o ângulo inscrito:<br><br>A medida de um ângulo inscrito é igual à metade da medida do arco correspondente.<br><br>Equivalente: a medida do arco é o dobro da medida do ângulo inscrito.[web:161][web:163][web:164][web:166],,,
EF.09.MAT.3.98,e5_escolha_inscrito_arco,escolha,TRUE,"Se o arco \( \widehat{AB} \) mede 120°, qual é a medida de um ângulo inscrito \( \widehat{APB} \) que intercepta esse mesmo arco?",,,
EF.09.MAT.3.98,e5_corrige_inscrito_arco,mensagem,FALSE,"Se o arco mede 120°:<br><br>-> o ângulo central correspondente mede 120°;<br><br>-> qualquer ângulo inscrito que intercepte esse arco mede metade: 60°.<br><br>Por isso, dizemos que ""o inscrito vale metade do arco"".",,,
EF.09.MAT.3.98,e6_exemplo_central_inscrito,mensagem,FALSE,"Vamos resumir o exemplo com arco de 120°:<br><br>-> \( \widehat{AOB} \) (central) = 120°;<br><br>-> \( \widehat{APB} \) (inscrito, interceptando o mesmo arco) = 60°;<br><br>Logo, o ângulo central é o dobro do inscrito, e o inscrito é metade do central.",,,
EF.09.MAT.3.98,e7_problema_simples_arco_inscrito,mensagem,FALSE,"Problema rápido:<br><br>Em uma circunferência, o ângulo inscrito \( \widehat{APB} \) mede 35°. Qual é a medida do arco \( \widehat{AB} \) correspondente?",,,
EF.09.MAT.3.98,e7_escolha_problema_simples,escolha,TRUE,"Se o ângulo inscrito é 35°, qual é a medida do arco correspondente?",,,
EF.09.MAT.3.98,e7_corrige_problema_simples,mensagem,FALSE,Para o ângulo inscrito:<br><br>-> Ângulo inscrito = 1/2 × arco<br><br>Logo:<br><br>1) 35° = 1/2 × arco<br><br>2) arco = 2 × 35° = 70°.,,,
EF.09.MAT.3.98,e8_problema_simples_central,mensagem,FALSE,"Se o arco \( \widehat{AB} \) mede 70°, então:<br><br>-> o ângulo central correspondente também mede 70°;<br><br>-> o ângulo inscrito que vê esse arco mede 35°.<br><br>Você pode testar isso movendo o ponto P sobre a circunferência em um software de geometria dinâmica.",,,
EF.09.MAT.3.98,e9_uso_software_dinamico,mensagem,FALSE,"Em um software como GeoGebra, você pode:<br><br>-> desenhar uma circunferência;<br><br>-> marcar dois pontos A e B na circunferência;<br><br>-> criar o ângulo central \( \widehat{AOB} \) e medir seu valor;<br><br>-> criar um ponto P móvel na circunferência e o ângulo inscrito \( \widehat{APB} \).<br><br>Movendo P, você observa que o ângulo inscrito se mantém com metade da medida do arco AB.",,,
EF.09.MAT.3.98,e9_escolha_software,escolha,TRUE,Qual é o principal objetivo de usar um software de geometria dinâmica nesse contexto?,,,
EF.09.MAT.3.98,e9_corrige_software,mensagem,FALSE,"O software de geometria dinâmica é usado para:<br><br>-> construir figuras com precisão;<br><br>-> mover pontos e observar como medidas variam;<br><br>-> confirmar relações como ""central = arco"" e ""inscrito = metade"".<br><br>Ele não substitui o cálculo, mas ajuda a enxergar a geometria.",,,
EF.09.MAT.3.98,e10_problema_contextual_setor,mensagem,FALSE,Considere uma placa circular de trânsito.<br><br>O gráfico interno ocupa um setor circular cujo ângulo central mede 90°.<br><br>Um ângulo inscrito desenhado sobre a borda da placa intercepta exatamente o mesmo arco do gráfico.<br><br>Qual é a medida desse ângulo inscrito?,,,
EF.09.MAT.3.98,e10_escolha_setor,escolha,TRUE,"Se o ângulo central é 90°, qual é a medida de um ângulo inscrito que vê o mesmo arco?",,,
EF.09.MAT.3.98,e10_corrige_setor,mensagem,FALSE,"Se o ângulo central mede 90°, o arco correspondente também mede 90°.<br><br>O ângulo inscrito que vê esse arco tem metade da medida do arco: 45°.<br><br>Então, inscrito = 45°.",,,
EF.09.MAT.3.98,e11_problema_contextual_arco,mensagem,FALSE,"Em uma roda gigante vista de frente, três cabines estão em pontos A, B e C da circunferência.<br><br>Do ponto de observação P (na circunferência), o ângulo \( \widehat{APB} \) é inscrito e mede 40°.<br><br>Qual é a medida do arco \( \widehat{AB} \)?",,,
EF.09.MAT.3.98,e11_escolha_roda,escolha,TRUE,"Se o ângulo inscrito é 40°, qual é a medida do arco \( \widehat{AB} \)?",,,
EF.09.MAT.3.98,e11_corrige_roda,mensagem,FALSE,"Para o ângulo inscrito, vale:<br><br>-> Ângulo inscrito = 1/2 × arco.<br><br>Se o ângulo inscrito é 40°:<br><br>1) 40° = 1/2 × arco<br><br>2) arco = 2 × 40° = 80°.",,,
EF.09.MAT.3.98,e12_reflexao_arcos_angulos,mensagem,FALSE,"Você viu que:<br><br>-> a medida de um arco é igual à do ângulo central correspondente;<br><br>-> a medida de um ângulo inscrito é igual à metade da medida do arco (e, portanto, metade do ângulo central correspondente);<br><br>-> essas relações podem ser exploradas dinamicamente em software e usadas em problemas concretos (placas, rodas gigantes, setores circulares).",,,
EF.09.MAT.3.98,e13_sintese_final,escolha,TRUE,Qual afirmação melhor sintetiza o que aprendemos sobre arcos e ângulos na circunferência?,,,
EF.09.MAT.3.98,e13_corrige_sintese,mensagem,FALSE,"Na circunferência, arcos e ângulos se relacionam fortemente:<br><br>-> Ângulo central = medida do arco;<br><br>-> Ângulo inscrito = metade da medida do arco;<br><br>Essas relações são a base para elaborar e resolver problemas envolvendo círculos.",,,
EF.09.MAT.3.98,e_final,avaliacao,TRUE,Vamos registrar um resultado objetivo desta sessão.,https://pplx-res.cloudinary.com/image/upload/pplx_search_images/09f697a265827bbfb3c30f31eb3c119b6e82f96a.jpg,Analise as afirmações abaixo e marque a alternativa correta:,Essas afirmativas consolidam a habilidade de relacionar medidas de arcos e ângulos centrais e inscritos na circunferência e de usar ferramentas dinâmicas para explorar essa relação.[web:161][web:163][web:166][web:168]
